Workbook
Name Ac: #REF!
Name Als: [1]Menu!$HQ$8
Name Ap: [1]Menu!$GN$13
Name As: #REF!
Name Ash: #REF!
Name Ashs: [1]Menu!$HQ$20
Name Astrs: [1]Menu!$HQ$13
Name Astsel: [1]Menu!$HQ$25
Name Bw: [2]Sayfa1!$M$18
Name cv: #REF!
Name Duct: #REF!
Name DynamicList: OFFSET(Enveloppe!$I$31,0,0,COUNTA(Enveloppe!$I$31:$I$56),1)
Name fc: #REF!
Name fVc: [1]Menu!$GJ$16
Name fy: #REF!
Name Hcr: #REF!
Name hk: #REF!
Name Hu: [1]Menu!$EB$16
Name Hv: [2]Sayfa1!$M$16
Name k: #REF!
Name k1_: #REF!
Name k1dizi: #REF!
Name k2_: #REF!
Name L: [1]Menu!$KZ$19
Name Lu: #REF!
Name Lucr: #REF!
Name Lw: [2]Sayfa1!$M$17
Name m: #REF!
Name m_x: #REF!
Name m_y: #REF!
Name mmin: #REF!
Name Mu: [1]Menu!$EB$22
Name Mx: [2]Sayfa1!$AQ$26
Name Mxd: #REF!
Name My: [2]Sayfa1!$AQ$27
Name Myd: #REF!
Name n: #REF!
Name Nd: [2]Sayfa1!$AQ$23
Name Ndmax: [1]Menu!$GN$10
Name Ppull: [1]Menu!$IR$16
Name Qa: [1]Menu!$FL$10
Name qusf: [1]Menu!$FG$29
Name setmax: [1]Menu!$FL$18
Name step1: #REF!
Name step2: #REF!
Name step3: #REF!
Name step4: #REF!
Name step5: #REF!
Name Vd: #REF!
Name Ve: #REF!
Name Vr: #REF!
Name VrVe: #REF!
Name Vx: [2]Sayfa1!$AQ$24
Name Vy: [2]Sayfa1!$AQ$25
Name Yu: [1]Menu!$EB$30
Name α: #REF!
Name μ: #REF!

Sheet  Données
B2: DONNE POUR CALCUL LE FERRAILLAGE DES VOILLES
B3: R.P.A 2024 | C3: Vers 1.2 | E3: =Calcul!$C$2 -> Vers 1.5.3
D5: N étages | E5: hw (m) | F5: he (m) | G5: lw (m) | H5: bw (m) | I5: d1,2 (cm) | J5: Fc28 (Mpa) | K5: Fe (Mpa) | L5: γb | M5: γs
D6: 5 | E6: 15.3 | F6: 2.61 | G6: 1.6 | H6: 0.2 | I6: 2.5 | J6: 25 | K6: 400 | L6: 1.2 | M6: 1
D7: Type de systèm
D8: 4- Système à contreventement mixte, équivalent à des voiles
D9: Qf | E9: T0 (s) | F9: T2 (s) | G9: Nimax [KN] | H9: R | I9: Type de voile
D10: 1 | E10: 0.52 | F10: 0.25 | G10: 663.8 | H10: =Calcul!$M$106 -> 4.5 | I10: =IF($E$6/$G$6<=2/3,"VOILES DE GRANDES DIMENSIONS ",IF($E$6/$G$6<=2,"VOILES COURTS","VOILES ELANCES")) -> VOILES ELANCES
D11: ENVELOPPE DE CALCUL POUR LES MOMENTS FLECHISSANT
D12: =IF(Calcul!J75="OUI","Il est nécessaire de modifier les moments fléchissants résultant du calcul de structure","il n 'est pas necessaire de modifier les moments flechissants, resultant du calcul de structure") -> Il est nécessaire de modifier les moments fléchissants résultant du calcul de structure
D13: ENVELOPPE DE CALCUL POUR LES EFFORTS TRANCHANTS
D14: =IF(Calcul!E75="OUI","Il est nécessaire de modifier les efforts tranchants résultant du calcul de structure","Il n’est pas nécessaire de modifier les efforts tranchants résultant du calcul de structure") -> Il est nécessaire de modifier les efforts tranchants résultant du calcul de structure
D16: Niveau | E16: Hi [m] | F16: Ni [KN] | G16: Mi [KN.m] | H16: Ti [KN] | N16: =' Données'!E6&" m" -> 15.3 m
C17: 0 | D17: =IF(C17<=$D$6,C17," ") -> 0 | E17: 0 | F17: -600.51 | G17: -144.03 | H17: 112.5 | N17: Zone superieure
C18: 1 | D18: =IF(C18<=$D$6,C18," ") -> 1 | E18: 3.06 | F18: -365.4 | G18: -44.76 | H18: 51.27
C19: 2 | D19: =IF(C19<=$D$6,C19," ") -> 2 | E19: 6.12 | F19: -250.31 | G19: -8.74 | H19: 45.64
C20: 3 | D20: =IF(C20<=$D$6,C20," ") -> 3 | E20: 9.18 | F20: -91.82 | G20: 6.28 | H20: 39.33
C21: 4 | D21: =IF(C21<=$D$6,C21," ") -> 4 | E21: 12.24 | F21: -16.33 | G21: 49.64 | H21: 41.69
C22: 5 | D22: =IF(C22<=$D$6,C22," ") -> 5 | E22: 15.3 | F22: -49.18 | G22: -32.21 | H22: 42.06
C23: 6 | D23: =IF(C23<=$D$6,C23," ")
C24: 7 | D24: =IF(C24<=$D$6,C24," ") | N24: =Calcul!S73 &" m" -> 6.12 m
C25: 8 | D25: =IF(C25<=$D$6,C25," ") | N25: Au-dessus de la zone critique
C26: 9 | D26: =IF(C26<=$D$6,C26," ")
C27: 10 | D27: =IF(C27<=$D$6,C27," ")
C28: 11 | D28: =IF(C28<=$D$6,C28," ")
C29: 12 | D29: =IF(C29<=$D$6,C29," ")
C30: 13 | D30: =IF(C30<=$D$6,C30," ")
C31: 14 | D31: =IF(C31<=$D$6,C31," ") | N31: =Calcul!Q73&" m" -> 3.06 m
C32: 15 | D32: =IF(C32<=$D$6,C32," ") | N32: Zone critique
C33: 16 | D33: =IF(C33<=$D$6,C33," ")
C34: 17 | D34: =IF(C34<=$D$6,C34," ")
C35: 18 | D35: =IF(C35<=$D$6,C35," ")
C36: 19 | D36: =IF(C36<=$D$6,C36," ")
C37: 20 | D37: =IF(C37<=$D$6,C37," ")
C38: 21 | D38: =IF(C38<=$D$6,C38," ") | N38: 0.00 m
C39: 22 | D39: =IF(C39<=$D$6,C39," ")
C40: 23 | D40: =IF(C40<=$D$6,C40," ")
C41: 24 | D41: =IF(C41<=$D$6,C41," ")
C42: 25 | D42: =IF(C42<=$D$6,C42," ")

Sheet Enveloppe
E2: ENVELOPPE DE CALCUL POUR LES MOMENTS FLECHISSANT
E3: R.P.A 2024 | G3: =Calcul!$C$2 -> Vers 1.5.3
I5: Nombre d'étages | J5: =' Données'!$D$6 -> 5
I6: he (m) | J6: =' Données'!$F$6 -> 2.61
I7: lw (m) | J7: =' Données'!$G$6 -> 1.6
I8: hw (m) | J8: =' Données'!$E$6 -> 15.3
I9: Moment à la base | J9: =' Données'!$G$17 -> -144.03
I10: Moment au sommet | J10: {=INDEX(' Données'!G17:G41,MATCH(' Données'!$E$6,' Données'!E17:E41,1))} -> -32.21
I11: hcr1 [7,22] | J11: =MAX(J7,J8/6) -> 2.55
I12: hcritique (m) | J12: =ROUND(IF(J11<=MIN(2*J7,IF(J5<=6,J6,2*J6)),J11,MIN(2*J7,IF(J5<=6,J6,2*J6))),2) -> 2.55
I14: Hi [m] | J14: 5
I15: Mi [KN,m] | J15: =Calcul!G34 -> 126.12418
G17: =IF($J$14>$J$8,"Remarque : H = " & $J$14&" > hw = "&$J$8," ")
E22: ENVELOPPE DE CALCUL POUR LES EFFORTS TRANCHANTS
E23: R.P.A 2024 | G23: =Calcul!$C$2 -> Vers 1.5.3
G25: =IF(COUNTIF(I31:I56,">0")<>J26,"Remarque : Vérifiée le nombre des étages", " ")
H26: Nombre d'étages | J26: =$J$5 -> 5
H27: Hi [m] | J27: 6.12
H28: Ti [KN] | J28: =Calcul!$J$48 -> -67.746
H30: Niveau | I30: Hi Cumulées [m] | J30: Ti [KN]
H31: =' Données'!D17 -> 0 | I31: =IF(H31=" "," ",' Données'!E17) -> 0 | J31: =IF(H31=" "," ",' Données'!H17) -> 112.5
H32: =' Données'!D18 -> 1 | I32: =IF(H32=" "," ",' Données'!E18) -> 3.06 | J32: =IF(H32=" "," ",' Données'!H18) -> 51.27
H33: =' Données'!D19 -> 2 | I33: =IF(H33=" "," ",' Données'!E19) -> 6.12 | J33: =IF(H33=" "," ",' Données'!H19) -> 45.64
H34: =' Données'!D20 -> 3 | I34: =IF(H34=" "," ",' Données'!E20) -> 9.18 | J34: =IF(H34=" "," ",' Données'!H20) -> 39.33
H35: =' Données'!D21 -> 4 | I35: =IF(H35=" "," ",' Données'!E21) -> 12.24 | J35: =IF(H35=" "," ",' Données'!H21) -> 41.69
H36: =' Données'!D22 -> 5 | I36: =IF(H36=" "," ",' Données'!E22) -> 15.3 | J36: =IF(H36=" "," ",' Données'!H22) -> 42.06
H37: =' Données'!D23 | I37: =IF(H37=" "," ",' Données'!E23) | J37: =IF(H37=" "," ",' Données'!H23)
H38: =' Données'!D24 | I38: =IF(H38=" "," ",' Données'!E24) | J38: =IF(H38=" "," ",' Données'!H24)
H39: =' Données'!D25 | I39: =IF(H39=" "," ",' Données'!E25) | J39: =IF(H39=" "," ",' Données'!H25)
H40: =' Données'!D26 | I40: =IF(H40=" "," ",' Données'!E26) | J40: =IF(H40=" "," ",' Données'!H26)
H41: =' Données'!D27 | I41: =IF(H41=" "," ",' Données'!E27) | J41: =IF(H41=" "," ",' Données'!H27)
H42: =' Données'!D28 | I42: =IF(H42=" "," ",' Données'!E28) | J42: =IF(H42=" "," ",' Données'!H28)
... H56: =' Données'!D42 | I56: =IF(H56=" "," ",' Données'!E42) | J56: =IF(H56=" "," ",' Données'!H42)

Sheet Zone critique
B2: FERRAILLAGE DES VOILLES DE LA ZONE CRITIQUE
B3: R.P.A 2024 | C3: =Calcul!$C$2 -> Vers 1.5.3
B5: DONNEES
B6: he (m) | C6: lw (m) | D6: bw (m) | E6: d1,2 (cm) | F6: Fc28 (Mpa) | G6: Fe (Mpa) | H6: γb | I6: γs | J6: hcr (m) | K6: R | L6: Qf | M6: T0 (s) | N6: T2 (s) | O6: N (KN) | P6: MED (KN,m) | Q6: Ṽ (KN) | R6: MRD (KN,m)
B7: =' Données'!$F$6 -> 2.61 | C7: =' Données'!$G$6 -> 1.6 | D7: =' Données'!$H$6 -> 0.2 | E7: =' Données'!$I$6 -> 2.5 | F7: =' Données'!$J$6 -> 25 | G7: =' Données'!$K$6 -> 400 | H7: =' Données'!$L$6 -> 1.2 | I7: =' Données'!$M$6 -> 1 | J7: =Enveloppe!$J$12 -> 2.55 | K7: =' Données'!$H$10 -> 4.5 | L7: =' Données'!$D$10 -> 1 | M7: =' Données'!$E$10 -> 0.52 | N7: =' Données'!$F$10 -> 0.25 | O7: =ABS(Calcul!G79) -> 600.51 | P7: =Calcul!$H$79 -> 144.03 | Q7: =ABS(Calcul!$I$79) -> 157.5 | R7: ='Moment resistant'!$B$38*1 -> 981.90514
B9: ELEMENT DE RIVE GOUCHE | E9: =" d (cm)= "&$E$7 -> d (cm)= 2.5 | F9: =IF(C12>C14,B14& " = "&$C$12,B14& " = "&$C$14) -> Lcg (min) (cm) = 35 | H9: St (cm) = 50 | J9: ="Lâme (cm) = "&$C$7*100-$C$12-$R$12-4*$E$7 -> Lâme (cm) = 80 | L9: ="bw(cm) = "&$D$7*100 -> bw(cm) = 20 | M9: =IF(R12>R14,Q14& "= "&$R$12,Q14& "= "&R14) -> Lcd (min) (cm)= 35 | O9: =" d (cm)= "&$E$7 -> d (cm)= 2.5 | Q9: ELEMENT DE RIVE DROITE
B10: Ølmin (cm) | C10: 1.2 | F10: =B15&" = "&C13 -> bcg (min) (cm) = 20 | O10: =Q15&" = "&R13 -> bcd (min) (cm) = 20 | Q10: Ølmin (cm) | R10: 1.2
B11: Avcalc (cm²) | C11: 9.05 | Q11: Avcalc (cm²) | R11: 9.05
B12: Lc.choisi (cm) | C12: 35 | Q12: lc.choisi (cm) | R12: 35
B13: bc.choisi (cm) | C13: 20 | Q13: bc.choisi (cm) | R13: 20
B14: Lcg (min) (cm) | C14: =ROUND(MAX(0.15*$C$7,1.5*$D$7),2)*100 -> 30 | Q14: Lcd (min) (cm) | R14: =ROUND(MAX(0.15*$C$7,1.5*$D$7),2)*100 -> 30
B15: bcg (min) (cm) | C15: =MAX(IF($C$12/100>MAX(2*$D$7,0.2*$C$7),$B$7/10,$B$7/15),0.2)*100 -> 20 | Q15: bcd (min) (cm) | R15: =MAX(IF($R$12/100> MAX(2*$D$7,0.2*$C$7),$B$7/10,$B$7/15),0.2)*100 -> 20
B16: b0 (cm) | C16: =$C$13-2*$E$7 -> 15 | F16: =B19&" = "&C19 -> Avg (cm²) = 9.05 | H16: =B23&"= "&C23 -> At (cm²)= 0.74 | J16: =C6&" = " &C7 -> lw (m) = 1.6 | M16: =Q19&" = "&R19 -> Avd (cm²) = 9.05 | Q16: b0 (cm) | R16: =$R$13-2*$E$7 -> 15
B17: Avmin (cm²) | C17: =0.5%*($C$12+2*$E$7)*$C$13 -> 4 | Q17: Avmin (cm²) | R17: =0.5%*($R$12+2*$E$7)*$R$13 -> 4
B18: Avj (cm²) | C18: =1.1*($Q$7*10)/$G$7 -> 4.33125 | I18: ="Ø"&$J$28*10 -> Ø10 | J18: ="St= "&$J$29 -> St= 20 | L18: ="Ø"&$M$28*10 -> Ø12 | Q18: Avj (cm²) | R18: =1.1*($Q$7*10)/$G$7 -> 4.33125
B19: Avg (cm²) | C19: =MAX($C$11,$C$17,$C$18) -> 9.05 | Q19: Avd (cm²) | R19: =MAX($R$11,$R$17,$R$18) -> 9.05
B20: Stmax (cm) | C20: =FLOOR(MIN($C$16/3,12.5,6*$C$10),1) -> 5 | Q20: Stmax (cm) | R20: =FLOOR(MIN($R$16/3,12.5,6*$R$10),1) -> 5
B21: Ag (cm²) | C21: =($C$12+2*$E$7)*$C$13 -> 800 | I21: =" Sh = "&M29 -> Sh = 20 | Q21: Ag (cm²) | R21: =($R$12+2*$E$7)*$R$13 -> 800
B22: Ac (cm²) | C22: =$C$12*$C$16 -> 525 | O22: ="St"&"= "&R20 &"cm" -> St= 5cm | Q22: Ac (cm²) | R22: =$R$12*$R$16 -> 525
B23: At (cm²) | C23: =ROUND(MAX((0.09*$C$20*$C$16*$F$7/$G$7),(0.3*$C$20*$C$16*(($C$21/$C$22)-1)*$F$7/$G$7)),2) -> 0.74 | Q23: At (cm²) | R23: =MAX((0.09*$R$20*$R$16*$F$7/$G$7),(0.3*$R$20*$R$16*(($R$21/$R$22)-1)*$F$7/$G$7)) -> 0.73660714
B24: =IF(OR($C$12+$R$12+4*$E$7>=$C$7*100,2*$C$12>=$C$7*100),"- Augmenter la longueur du voile ou diminuer la longueur Lc."&CHAR(10)," ")& IF($C$13<$C$15,"- bc,choisi < bcg (min)."," ") & IF($C$12<$C$14,"-Lc,choisi < Lcg (min)."," ") | Q24: =IF(OR($R$12+$C$12+4*$E$7>=$C$7*100,2*$R$12>=$C$7*100),"- Augmenter la longueur du voile ou diminuer la longueur Lc."&CHAR(10)," ")& IF($R$13<$R$15,"- bc,choisi < bcg (min)."," ") & IF($R$12<$R$14,"- Lc,choisi < Lcg (min)."," ")
H26: L'AME
H27: L'AME (aciers verticaux) | K27: L'AME (aciers horizontaux)
H28: Øl (cm) | J28: 1 | K28: Øl (cm) | M28: 1.2
H29: Svchoisi (cm) | J29: 20 | K29: Shchoisi (cm) | M29: 20
H30: Svmax (cm) | J30: =MIN(1.5*$D$7*100,25,25*$J$28) -> 25 | K30: Shmax (cm) | M30: =MIN(25,25*$J$28) -> 25
H31: Ølmin (cm) | J31: =0.8 -> 0.8 | K31: Z (cm) | M31: =$C$7*100-$C$12/2-$R$12/2-2*$E$7 -> 120
H32: Ølmax (cm) | J32: =$D$7*100/8 -> 2.5 | K32: Ølmax (cm) | M32: =$D$7*100/8 -> 2.5
H33: ="Avmin (cm²)/e="&$J$29&"cm" -> Avmin (cm²)/e=20cm | J33: =ROUND(0.2%*$J$29*$D$7*100,2) -> 0.8 | K33: ="Ahmin (cm²)/e="&$M$29&"cm" -> Ahmin (cm²)/e=20cm | M33: =ROUND(MAX(($M$29*ABS(' Données'!$H$17)*1.4)/($M$31*$G$7)*10,0.2%*$M$29*$D$7*100),2) -> 0.8
H34: ="Asv (cm²)/L ="&($C$7*100-$C$12-$R$12-4*$E$7)&"cm" -> Asv (cm²)/L =80cm | J34: =(CEILING(($C$7*100-$C$12-$R$12-4*$E$7)/$J$29,1)*(PI()*$J$28^2/4))*2 -> 6.2831853 | K34: ="Ash (cm²)/h ="&$J$7*100&"cm" -> Ash (cm²)/h =255cm | M34: =(CEILING(J7*100/M29,1)*(PI()*M28^2/4))*2 -> 29.405307
H35: =IF(Calcul!$P$75<=Calcul!$Q$75,Calcul!P74&" = "&Calcul!$P$75&" < "&Calcul!Q74&" = "&Calcul!$Q$75,Calcul!P74&" ="&Calcul!$P$75&"> "&Calcul!Q74&" = "&Calcul!$Q$75) -> τb (MPa) = 0.55 < τadm (MPa) = 5 | L35: =IF(Calcul!$P$75<=Calcul!$Q$75,"Condition vérifie ","Condition non vérifie ") -> Condition vérifie
H36: =IF($J$29<=$J$30," ","Sv,choisi > Sv,max") | K36: =IF($M$29<=$M$30," ","Sh,choisi > Sh,max")&IF((2*PI()*$M$28^2/4<$M$33),"Ahchoisi"&" < Ahmin"," ")
B38: CONDITIONS DE DUCTILITE LOCALE
B40: ELEMENT DE RIVE GOUCHE | E40: ELEMENT GOUCHE | N40: ELEMENT DROITE | Q40: ELEMENT DE RIVE DROITE
B41: nd (KN) | C41: =ROUND(ABS(' Données'!$G$10)*10^3/((($C$12*10*$C$13*10)+($R$12*10*$R$13*10)+(($C$7*10^3-$C$12*10-$R$12*10)*$D$7*10^3))*$F$7),2) -> 0.08 | E41: n | F41: 8 | N41: n | O41: 8 | Q41: nd (KN) | R41: =ROUND(ABS(' Données'!$G$10)*10^3/((($C$12*10*$C$13*10)+($R$12*10*$R$13*10)+(($C$7*10^3-$C$12*10-$R$12*10)*$D$7*10^3))*$F$7),2) -> 0.08
B42: Fyd/Fcd | C42: =($G$7/$F$7)*($H$7/$I$7) -> 19.2 | E42: bi (cm) | F42: 12 | N42: bi (cm) | O42: 12 | Q42: Fyd/Fcd | R42: =($G$7/$F$7)*($H$7/$I$7) -> 19.2
B43: wn | C43: =ROUND((($J$34/(($C$7*100-2*$C$12)*$D$7*100)))*$C$42,2) -> 0.07 | E43: L (cm) | F43: 184 | N43: L (cm) | O43: 184 | Q43: wn | R43: =ROUND((($J$34/(($C$7*100-2*R12)*$D$7*100)))*R42,2) -> 0.07
B44: cu | C44: =($C$41+$C$43)*($C$7*100*$C$13)/($C$16) -> 32 | E44: Øl (cm) | F44: 0.8 | N44: Øl (cm) | O44: 0.8 | Q44: cu | R44: =($R$41+$R$43)*($C$7*100*$R$13)/($R$16) -> 32
B45: Vnc (cm³) | C45: =$C$12*$C$16*$J$7*100 -> 133875 | E45: Nnbr | F45: =FLOOR(($J$7*100-10)/$C$20,1) -> 49 | N45: Nnbr | O45: =FLOOR(($J$7*100-10)/$R$20,1) -> 49 | Q45: Vnc (cm³) | R45: =$R$12*$R$16*$J$7*100 -> 133875
B46: Vst (cm³) | C46: =$F$43*(PI()*($F$44^2)/4)*$F$45 -> 4531.9359 | E46: St (cm) | F46: =$C$20 -> 5 | N46: St (cm) | O46: =$R$20 -> 5 | Q46: Vst (cm³) | R46: =$O$43*(PI()*($O$44^2)/4)*$O$45 -> 4531.9359
B47: ecu | C47: 0.0035 | E47: bc (cm) | F47: =$C$13 -> 20 | N47: bc (cm) | O47: =$R$13 -> 20 | Q47: ecu | R47: 0.0035
B48: mø | C48: =IF($M$7>=$N$7,2*(($K$7/$L$7)*($P$7/$R$7))-1,1+2*(($K$7/$L$7*$P$7/$R$7)-1)*$N$7/$M$7) -> 0.32015807 | E48: b0 (cm) | F48: =$C$16 -> 15 | N48: b0 (cm) | O48: =$R$16 -> 15 | Q48: mø | R48: =IF($M$7>=$N$7,2*(($K$7/$L$7)*($P$7/$R$7))-1,1+2*(($K$7/$L$7*$P$7/$R$7)-1)*$N$7/$M$7) -> 0.32015807
B49: an | C49: =1-($F$41*$F$42^2)/(6*$F$48*$F$50) -> 0.63428571 | E49: hc (cm) | F49: =$C$12+2*$E$7 -> 40 | N49: hc (cm) | O49: =$R$12+2*$E$7 -> 40 | Q49: an | R49: =1-($O$41*$O$42^2)/(6*$O$48*$O$50) -> 0.63428571
B50: as | C50: =(1-$F$46/(2*$F$48))*(1-$F$46/(2*$F$50)) -> 0.77380952 | E50: h0 (cm) | F50: =$C$12 -> 35 | N50: h0 (cm) | O50: =$R$12 -> 35 | Q50: as | R50: =(1-$O$46/(2*$O$48))*(1-$O$46/(2*$O$50)) -> 0.77380952
B51: a | C51: =$C$49*$C$50 -> 0.49081633 | Q51: a | R51: =R49*R50 -> 0.49081633
B52: ecu,c | C52: =0.0035+0.1*$C$51*$C$54 -> 0.035403061 | Q52: ecu,c | R52: =$R$47+0.1*$R$51*$R$54 -> 0.035403061
B53: esy | C53: =$G$7/200000 -> 0.002 | Q53: esy | R53: =$G$7/200000 -> 0.002
B54: wwd | C54: =ROUND($C$46/$C$45*$C$42,4) -> 0.65 | Q54: wwd | R54: =ROUND($R$46/$R$45*$R$42,4) -> 0.65
B55: wwd(min) | C55: =ROUND((30*$C$48*($C$41+$C$43)*$C$53*($F$47/$F$48)-0.035)/$C$51,4) -> -0.0635 | Q55: wwd(min) | R55: =ROUND((30*$R$48*($R$41+$R$43)*$R$53*($O$47/$O$48)-0.035)/$R$51,4) -> -0.0635
B56: Lc,calcul (cm) | C56: =ROUND($C$44*(1-$C$47/$C$52),2) -> 28.84 | Q56: Lc,calcul (cm) | R56: =ROUND($R$44*(1-$R$47/$R$52),2) -> 28.84
B57: =IF(AND($C$54>=0.12,$C$54>=$C$55,$C$56<=$C$12),"Condition vérifie ","Condition non vérifie ") -> Condition vérifie | Q57: =IF(AND($R$54>=0.12,$R$54>=$R$55,$R$56<=$R$12),"Condition vérifie ","Condition non vérifie ") -> Condition vérifie
B58: =IF(C54<0.12,B54&" < 0.12"&CHAR(10)," ")&IF(C54<C55,B54&"< "&B55&CHAR(10)," ")&IF(C56>C12,"lc,calcul > Lc,choisi "&CHAR(10)," ") | Q58: =IF(R54<0.12,Q54&"<0.12"& CHAR(10)," ")&IF(R54<R55,Q54&"< "&Q55 &CHAR(10)," ")&IF(R56>R12,"lc,calcul > lc,choisi"& CHAR(10)," ")

Sheet Zone supèrieure
D2: FERRAILLAGE DES VOILLES DE LA ZONE SUPERIEURE
D3: R.P.A 2024 | E3: =Calcul!$C$2 -> Vers 1.5.3
D5: L'AME (Zone supèrieure)
D7: L'AME (aciers verticaux) | G7: L'AME (aciers horizontaux)
D8: Øl (cm) | F8: 1 | G8: Øl (cm) | I8: 1
D9: Stchoisi (cm) | F9: 20 | G9: Stchoisi (cm) | I9: 25
D10: Ølmax (cm) | F10: =Calcul!$F$73*100/10 -> 2 | G10: Ølmax (cm) | I10: =Calcul!$F$73*100/10 -> 2
D11: Stmax (cm) | F11: =MIN(1.5*Calcul!$F$73*100,25,25*$F$8) -> 25 | G11: Stmax (cm) | I11: =MIN(1.5*Calcul!$F$73*100,25) -> 25
I14: ELEMENTS DE RIVE | L14: L'AME
A15: Zone critique | D15: Niveau | E15: Hi [m] | F15: Ni [KN] | G15: Mi [KN.m] | H15: Ti [KN] | I15: Asv (cm²) | J15: Asvmin (cm²) | K15: Choix des barres | L15: ="Avmin (cm²)"&CHAR(10)&" e = "&F9&" cm" -> Avmin (cm²) e = 20 cm | M15: ="Choix des barres"&CHAR(10)&"n HA"&$F$8*10&"/e= "&$F$9&" cm" -> Choix des barres n HA10/e= 20 cm | N15: Ah (cm²) | O15: ="Ahmin (cm²)"&CHAR(10)&" e = "&I9&" cm" -> Ahmin (cm²) e = 25 cm | P15: ="Choix des barres"&CHAR(10)&"n HA"&$I$8*10&"/e= "&$I$9&" cm" -> Choix des barres n HA10/e= 25 cm | Q15: Zone
A16: =Calcul!Q73 -> 3.06 | D16: =Calcul!E79 -> 0 | E16: =Calcul!F79 -> 0 | F16: =Calcul!G79 -> -600.51 | G16: =Calcul!H79 -> 144.03 | H16: =Calcul!I79 -> -157.5 | J16: =IF(E16=" "," ",Calcul!O79) -> 3.5 | L16: =IF(E16=" "," ",0.2%*$F$9*' Données'!$H$6*100) -> 0.8 | M16: =Calcul!R124 -> 2HA10=1.57cm² | N16: =IF(E16=" "," ",($I$9*ABS(' Données'!H17)*1.4/('Zone critique'!$M$31*' Données'!$K$6)*10)) -> 0.8203125 | O16: =IF(E16=" "," ",0.2%*$I$9*' Données'!$H$6*100) -> 1 | P16: =Calcul!S124 -> 2HA10=1.57cm² | Q16: =IF(E16=" ", " ",IF(E16<=$A$16, "Zone critique(déjà calculée)",IF(E16=$A$19,"Au-dessus de la zone critique", "Zone superieure"))) -> Zone critique(déjà calculée)
A17: Au-dessus de la zone critique | D17: =Calcul!E80 -> 1 | E17: =Calcul!F80 -> 3.06 | F17: =Calcul!G80 -> -365.4 | G17: =Calcul!H80 -> 140.30267 | H17: =Calcul!I80 -> -71.778 | J17: =IF(E17=" "," ",Calcul!O80) -> 3.5 | L17: =IF(E17=" "," ",0.2%*$F$9*' Données'!$H$6*100) -> 0.8 | M17: =Calcul!R125 -> 2HA10=1.57cm² | N17: =IF(E17=" "," ",($I$9*ABS(' Données'!H18)*1.4/('Zone critique'!$M$31*' Données'!$K$6)*10)) -> 0.37384375 | O17: =IF(E17=" "," ",0.2%*$I$9*' Données'!$H$6*100) -> 1 | P17: =Calcul!S125 -> 2HA10=1.57cm² | Q17: =IF(E17=" ", " ",IF(E17<=$A$16, "Zone critique(déjà calculée)",IF(E17=$A$19,"Au-dessus de la zone critique", "Zone superieure"))) -> Zone critique(déjà calculée)
D18: =Calcul!E81 -> 2 | E18: =Calcul!F81 -> 6.12 | F18: =Calcul!G81 -> -250.31 | G18: =Calcul!H81 -> 117.93867 | H18: =Calcul!I81 -> -67.746 | I18: 0 | J18: =IF(E18=" "," ",Calcul!O81) -> 3.5 | K18: 8HA12 = 9.05 | L18: =IF(E18=" "," ",0.2%*$F$9*' Données'!$H$6*100) -> 0.8 | M18: =Calcul!R126 -> 2HA10=1.57cm² | N18: =IF(E18=" "," ",($I$9*ABS(' Données'!H19)*1.4/('Zone critique'!$M$31*' Données'!$K$6)*10)) -> 0.33279167 | O18: =IF(E18=" "," ",0.2%*$I$9*' Données'!$H$6*100) -> 1 | P18: =Calcul!S126 -> 2HA10=1.57cm² | Q18: =IF(E18=" ", " ",IF(E18<=$A$16, "Zone critique(déjà calculée)",IF(E18=$A$19,"Au-dessus de la zone critique", "Zone superieure"))) -> Au-dessus de la zone critique
A19: =Calcul!$S$73 -> 6.12 | D19: =Calcul!E82 -> 3 | E19: =Calcul!F82 -> 9.18 | F19: =Calcul!G82 -> -91.82 | G19: =Calcul!H82 -> 95.574667 | H19: =Calcul!I82 -> -71.414 | I19: 0.37 | J19: =IF(E19=" "," ",Calcul!O82) -> 3.5 | K19: 8HA12 = 9.05 | L19: =IF(E19=" "," ",0.2%*$F$9*' Données'!$H$6*100) -> 0.8 | M19: =Calcul!R127 -> 2HA10=1.57cm² | N19: =IF(E19=" "," ",($I$9*ABS(' Données'!H20)*1.4/('Zone critique'!$M$31*' Données'!$K$6)*10)) -> 0.28678125 | O19: =IF(E19=" "," ",0.2%*$I$9*' Données'!$H$6*100) -> 1 | P19: =Calcul!S127 -> 2HA10=1.57cm² | Q19: =IF(E19=" ", " ",IF(E19<=$A$16, "Zone critique(déjà calculée)",IF(E19=$A$19,"Au-dessus de la zone critique", "Zone superieure"))) -> Zone superieure
D20: =Calcul!E83 -> 4 | E20: =Calcul!F83 -> 12.24 | F20: =Calcul!G83 -> -16.33 | G20: =Calcul!H83 -> 73.210667 | H20: =Calcul!I83 -> -75.082 | I20: 0.96 | J20: =IF(E20=" "," ",Calcul!O83) -> 3.5 | K20: 8HA12 = 9.05 | L20: =IF(E20=" "," ",0.2%*$F$9*' Données'!$H$6*100) -> 0.8 | M20: =Calcul!R128 -> 2HA10=1.57cm² | N20: =IF(E20=" "," ",($I$9*ABS(' Données'!H21)*1.4/('Zone critique'!$M$31*' Données'!$K$6)*10)) -> 0.30398958 | O20: =IF(E20=" "," ",0.2%*$I$9*' Données'!$H$6*100) -> 1 | P20: =Calcul!S128 -> 2HA10=1.57cm² | Q20: =IF(E20=" ", " ",IF(E20<=$A$16, "Zone critique(déjà calculée)",IF(E20=$A$19,"Au-dessus de la zone critique", "Zone superieure"))) -> Zone superieure
D21: =Calcul!E84 -> 5 | E21: =Calcul!F84 -> 15.3 | F21: =Calcul!G84 -> -49.18 | G21: =Calcul!H84 -> 50.846667 | H21: =Calcul!I84 -> -78.75 | I21: 0.19 | J21: =IF(E21=" "," ",Calcul!O84) -> 3.5 | K21: 8HA12 = 9.05 | L21: =IF(E21=" "," ",0.2%*$F$9*' Données'!$H$6*100) -> 0.8 | M21: =Calcul!R129 -> 2HA10=1.57cm² | N21: =IF(E21=" "," ",($I$9*ABS(' Données'!H22)*1.4/('Zone critique'!$M$31*' Données'!$K$6)*10)) -> 0.3066875 | O21: =IF(E21=" "," ",0.2%*$I$9*' Données'!$H$6*100) -> 1 | P21: =Calcul!S129 -> 2HA10=1.57cm² | Q21: =IF(E21=" ", " ",IF(E21<=$A$16, "Zone critique(déjà calculée)",IF(E21=$A$19,"Au-dessus de la zone critique", "Zone superieure"))) -> Zone superieure
D22: =Calcul!E85 | E22: =Calcul!F85 | F22: =Calcul!G85 | G22: =Calcul!H85 | H22: =Calcul!I85 | J22: =IF(E22=" "," ",Calcul!O85) | L22: =IF(E22=" "," ",0.2%*$F$9*' Données'!$H$6*100) | M22: =Calcul!R130 | N22: =IF(E22=" "," ",($I$9*ABS(' Données'!H23)*1.4/('Zone critique'!$M$31*' Données'!$K$6)*10)) | O22: =IF(E22=" "," ",0.2%*$I$9*' Données'!$H$6*100) | P22: =Calcul!S130 | Q22: =IF(E22=" ", " ",IF(E22<=$A$16, "Zone critique(déjà calculée)",IF(E22=$A$19,"Au-dessus de la zone critique", "Zone superieure")))
D23: =Calcul!E86 | E23: =Calcul!F86 | F23: =Calcul!G86 | G23: =Calcul!H86 | H23: =Calcul!I86 | J23: =IF(E23=" "," ",Calcul!O86) | L23: =IF(E23=" "," ",0.2%*$F$9*' Données'!$H$6*100) | M23: =Calcul!R131 | N23: =IF(E23=" "," ",($I$9*ABS(' Données'!H24)*1.4/('Zone critique'!$M$31*' Données'!$K$6)*10)) | O23: =IF(E23=" "," ",0.2%*$I$9*' Données'!$H$6*100) | P23: =Calcul!S131 | Q23: =IF(E23=" ", " ",IF(E23<=$A$16, "Zone critique(déjà calculée)",IF(E23=$A$19,"Au-dessus de la zone critique", "Zone superieure")))
D24: =Calcul!E87 | E24: =Calcul!F87 | F24: =Calcul!G87 | G24: =Calcul!H87 | H24: =Calcul!I87 | J24: =IF(E24=" "," ",Calcul!O87) | L24: =IF(E24=" "," ",0.2%*$F$9*' Données'!$H$6*100) | M24: =Calcul!R132 | N24: =IF(E24=" "," ",($I$9*ABS(' Données'!H25)*1.4/('Zone critique'!$M$31*' Données'!$K$6)*10)) | O24: =IF(E24=" "," ",0.2%*$I$9*' Données'!$H$6*100) | P24: =Calcul!S132 | Q24: =IF(E24=" ", " ",IF(E24<=$A$16, "Zone critique(déjà calculée)",IF(E24=$A$19,"Au-dessus de la zone critique", "Zone superieure")))
D25: =Calcul!E88 | E25: =Calcul!F88 | F25: =Calcul!G88 | G25: =Calcul!H88 | H25: =Calcul!I88 | J25: =IF(E25=" "," ",Calcul!O88) | L25: =IF(E25=" "," ",0.2%*$F$9*' Données'!$H$6*100) | M25: =Calcul!R133 | N25: =IF(E25=" "," ",($I$9*ABS(' Données'!H26)*1.4/('Zone critique'!$M$31*' Données'!$K$6)*10)) | O25: =IF(E25=" "," ",0.2%*$I$9*' Données'!$H$6*100) | P25: =Calcul!S133 | Q25: =IF(E25=" ", " ",IF(E25<=$A$16, "Zone critique(déjà calculée)",IF(E25=$A$19,"Au-dessus de la zone critique", "Zone superieure")))
D26: =Calcul!E89 | E26: =Calcul!F89 | F26: =Calcul!G89 | G26: =Calcul!H89 | H26: =Calcul!I89 | J26: =IF(E26=" "," ",Calcul!O89) | L26: =IF(E26=" "," ",0.2%*$F$9*' Données'!$H$6*100) | M26: =Calcul!R134 | N26: =IF(E26=" "," ",($I$9*ABS(' Données'!H27)*1.4/('Zone critique'!$M$31*' Données'!$K$6)*10)) | O26: =IF(E26=" "," ",0.2%*$I$9*' Données'!$H$6*100) | P26: =Calcul!S134 | Q26: =IF(E26=" ", " ",IF(E26<=$A$16, "Zone critique(déjà calculée)",IF(E26=$A$19,"Au-dessus de la zone critique", "Zone superieure")))
D27: =Calcul!E90 | E27: =Calcul!F90 | F27: =Calcul!G90 | G27: =Calcul!H90 | H27: =Calcul!I90 | J27: =IF(E27=" "," ",Calcul!O90) | L27: =IF(E27=" "," ",0.2%*$F$9*' Données'!$H$6*100) | M27: =Calcul!R135 | N27: =IF(E27=" "," ",($I$9*ABS(' Données'!H28)*1.4/('Zone critique'!$M$31*' Données'!$K$6)*10)) | O27: =IF(E27=" "," ",0.2%*$I$9*' Données'!$H$6*100) | P27: =Calcul!S135 | Q27: =IF(E27=" ", " ",IF(E27<=$A$16, "Zone critique(déjà calculée)",IF(E27=$A$19,"Au-dessus de la zone critique", "Zone superieure")))
D28: =Calcul!E91 | E28: =Calcul!F91 | F28: =Calcul!G91 | G28: =Calcul!H91 | H28: =Calcul!I91 | J28: =IF(E28=" "," ",Calcul!O91) | L28: =IF(E28=" "," ",0.2%*$F$9*' Données'!$H$6*100) | M28: =Calcul!R136 | N28: =IF(E28=" "," ",($I$9*ABS(' Données'!H29)*1.4/('Zone critique'!$M$31*' Données'!$K$6)*10)) | O28: =IF(E28=" "," ",0.2%*$I$9*' Données'!$H$6*100) | P28: =Calcul!S136 | Q28: =IF(E28=" ", " ",IF(E28<=$A$16, "Zone critique(déjà calculée)",IF(E28=$A$19,"Au-dessus de la zone critique", "Zone superieure")))
D29: =Calcul!E92 | E29: =Calcul!F92 | F29: =Calcul!G92 | G29: =Calcul!H92 | H29: =Calcul!I92 | J29: =IF(E29=" "," ",Calcul!O92) | L29: =IF(E29=" "," ",0.2%*$F$9*' Données'!$H$6*100) | M29: =Calcul!R137 | N29: =IF(E29=" "," ",($I$9*ABS(' Données'!H30)*1.4/('Zone critique'!$M$31*' Données'!$K$6)*10)) | O29: =IF(E29=" "," ",0.2%*$I$9*' Données'!$H$6*100) | P29: =Calcul!S137 | Q29: =IF(E29=" ", " ",IF(E29<=$A$16, "Zone critique(déjà calculée)",IF(E29=$A$19,"Au-dessus de la zone critique", "Zone superieure")))
D30: =Calcul!E93 | E30: =Calcul!F93 | F30: =Calcul!G93 | G30: =Calcul!H93 | H30: =Calcul!I93 | J30: =IF(E30=" "," ",Calcul!O93) | L30: =IF(E30=" "," ",0.2%*$F$9*' Données'!$H$6*100) | M30: =Calcul!R138 | N30: =IF(E30=" "," ",($I$9*ABS(' Données'!H31)*1.4/('Zone critique'!$M$31*' Données'!$K$6)*10)) | O30: =IF(E30=" "," ",0.2%*$I$9*' Données'!$H$6*100) | P30: =Calcul!S138 | Q30: =IF(E30=" ", " ",IF(E30<=$A$16, "Zone critique(déjà calculée)",IF(E30=$A$19,"Au-dessus de la zone critique", "Zone superieure")))
D31: =Calcul!E94 | E31: =Calcul!F94 | F31: =Calcul!G94 | G31: =Calcul!H94 | H31: =Calcul!I94 | J31: =IF(E31=" "," ",Calcul!O94) | L31: =IF(E31=" "," ",0.2%*$F$9*' Données'!$H$6*100) | M31: =Calcul!R139 | N31: =IF(E31=" "," ",($I$9*ABS(' Données'!H32)*1.4/('Zone critique'!$M$31*' Données'!$K$6)*10)) | O31: =IF(E31=" "," ",0.2%*$I$9*' Données'!$H$6*100) | P31: =Calcul!S139 | Q31: =IF(E31=" ", " ",IF(E31<=$A$16, "Zone critique(déjà calculée)",IF(E31=$A$19,"Au-dessus de la zone critique", "Zone superieure")))
D32: =Calcul!E95 | E32: =Calcul!F95 | F32: =Calcul!G95 | G32: =Calcul!H95 | H32: =Calcul!I95 | J32: =IF(E32=" "," ",Calcul!O95) | L32: =IF(E32=" "," ",0.2%*$F$9*' Données'!$H$6*100) | M32: =Calcul!R140 | N32: =IF(E32=" "," ",($I$9*ABS(' Données'!H33)*1.4/('Zone critique'!$M$31*' Données'!$K$6)*10)) | O32: =IF(E32=" "," ",0.2%*$I$9*' Données'!$H$6*100) | P32: =Calcul!S140 | Q32: =IF(E32=" ", " ",IF(E32<=$A$16, "Zone critique(déjà calculée)",IF(E32=$A$19,"Au-dessus de la zone critique", "Zone superieure")))
D33: =Calcul!E96 | E33: =Calcul!F96 | F33: =Calcul!G96 | G33: =Calcul!H96 | H33: =Calcul!I96 | J33: =IF(E33=" "," ",Calcul!O96) | L33: =IF(E33=" "," ",0.2%*$F$9*' Données'!$H$6*100) | M33: =Calcul!R141 | N33: =IF(E33=" "," ",($I$9*ABS(' Données'!H34)*1.4/('Zone critique'!$M$31*' Données'!$K$6)*10)) | O33: =IF(E33=" "," ",0.2%*$I$9*' Données'!$H$6*100) | P33: =Calcul!S141 | Q33: =IF(E33=" ", " ",IF(E33<=$A$16, "Zone critique(déjà calculée)",IF(E33=$A$19,"Au-dessus de la zone critique", "Zone superieure")))
... D36: =Calcul!E99 | E36: =Calcul!F99 | F36: =Calcul!G99 | G36: =Calcul!H99 | H36: =Calcul!I99 | J36: =IF(E36=" "," ",Calcul!O99) | L36: =IF(E36=" "," ",0.2%*$F$9*' Données'!$H$6*100) | M36: =Calcul!R144 | N36: =IF(E36=" "," ",($I$9*ABS(' Données'!H37)*1.4/('Zone critique'!$M$31*' Données'!$K$6)*10)) | O36: =IF(E36=" "," ",0.2%*$I$9*' Données'!$H$6*100) | P36: =Calcul!S144 | Q36: =IF(E36=" ", " ",IF(E36<=$A$16, "Zone critique(déjà calculée)",IF(E36=$A$19,"Au-dessus de la zone critique", "Zone superieure")))

Sheet Calcul
A2: R.P.A 2024 | C2: Vers 1.5.3
A3: Type de voile
N5: Type 1
N6: Type 2
N7: Type 3
A10: ENVELOPPE DE CALCUL POUR LES MOMENTS FLECHISSANT
F15: Enveloppe Linéaire
F16: M (KN,m) | G16: Hw (m)
F17: 0 | G17: =Enveloppe!$J$8 -> 15.3
F18: =ABS(Enveloppe!$J$10) -> 32.21 | G18: =Enveloppe!$J$8 -> 15.3
F19: =ABS(Enveloppe!$J$9) -> 144.03 | G19: 0
F21: Enveloppe de Calcul 1
F22: M (KN,m) | G22: Hw (m)
F23: =F18 -> 32.21 | G23: =G18+Enveloppe!$J$12 -> 17.85
F24: =F19 -> 144.03 | G24: =G19+Enveloppe!$J$12 -> 2.55
F25: Enveloppe de Calcul
D26: Math | F26: M (KN,m) | G26: Hw (m)
D27: =DEGREES(ATAN(G17/(F19-F18))) -> 7.791231 | F27: 0 | G27: =G17 -> 15.3
D28: =90-D27 -> 82.208769 | F28: =FORECAST(G17,F23:F24,G23:G24) -> 50.846667 | G28: =G18+G13 -> 15.3
D29: =Enveloppe!$J$12*TAN(RADIANS(Calcul!D28)) -> 18.636667 | F29: =F19 -> 144.03 | G29: =Enveloppe!$J$12 -> 2.55
D30: =F18+D29 -> 50.846667 | F30: =F19 -> 144.03 | G30: =G19 -> 0
F32: hcr [7,23] | G32: =Enveloppe!$J$12 -> 2.55
F33: H (m) | G33: =Enveloppe!$J$14 -> 5
F34: M (KN,m) | G34: {=IF($G$33<=$G$32,$F$24,FORECAST(Enveloppe!$J$14,F23:F24,G23:G24))} -> 126.12418
A38: ENVELOPPE DE CALCUL POUR LES EFFORTS TRANCHANTS
B40: Diagramme issue de l'analyse | F40: 1,4 x Vu | I40: Hw (m) | J40: Hw/3 | L40: Diagramme amplifié
B41: Etage | C41: Hw (m) | D41: T (KN) | F41: Hw (m) | G41: T (KN) | I41: =MAX(Enveloppe!I31:I56) -> 15.3 | J41: =I41/3 -> 5.1 | L41: Hw (m) | M41: T (KN)
B42: 0 | C42: =IF(Enveloppe!H31<=Enveloppe!$J$26,Enveloppe!I31,NA()) -> 0 | D42: =IF(Enveloppe!H31<=Enveloppe!$J$26,ABS(Enveloppe!J31)*(-1),NA()) -> -112.5 | F42: =IF(Enveloppe!H31<=Enveloppe!$J$26,Enveloppe!I31,NA()) -> 0 | G42: =IF(Enveloppe!H31<=Enveloppe!$J$26,D42*1.4,NA()) -> -157.5 | L42: {=IF(F42<$J$41,F42,IF(AND(F42>=$J$41,F42<$I$41),$J$41,$I$41))} -> 0 | M42: {=IF(L42>=$I$41,$G$42/2,IF(COUNTIF($F$42:$F$67,L42),INDEX($G$42:$G$67,MATCH(L42,$F$42:$F$67,0)),$J$43))} -> -157.5
B43: 1 | C43: =IF(Enveloppe!H32<=Enveloppe!$J$26,Enveloppe!I32,NA()) -> 3.06 | D43: =IF(Enveloppe!H32<=Enveloppe!$J$26,ABS(Enveloppe!J32)*(-1),NA()) -> -51.27 | F43: =IF(Enveloppe!H32<=Enveloppe!$J$26,Enveloppe!I32,NA()) -> 3.06 | G43: =IF(Enveloppe!H32<=Enveloppe!$J$26,D43*1.4,NA()) -> -71.778 | I43: =$J$41 -> 5.1 | J43: {=FORECAST($J$41,J44:J45,I44:I45)} -> -66.523333 | L43: {=IF(F43<$J$41,F43,IF(AND(F43>=$J$41,F43<$I$41),$J$41,$I$41))} -> 3.06 | M43: {=IF(L43>=$I$41,$G$42/2,IF(COUNTIF($F$42:$F$67,L43),INDEX($G$42:$G$67,MATCH(L43,$F$42:$F$67,0)),$J$43))} -> -71.778
B44: 2 | C44: =IF(Enveloppe!H33<=Enveloppe!$J$26,Enveloppe!I33,NA()) -> 6.12 | D44: =IF(Enveloppe!H33<=Enveloppe!$J$26,ABS(Enveloppe!J33)*(-1),NA()) -> -45.64 | F44: =IF(Enveloppe!H33<=Enveloppe!$J$26,Enveloppe!I33,NA()) -> 6.12 | G44: =IF(Enveloppe!H33<=Enveloppe!$J$26,D44*1.4,NA()) -> -63.896 | I44: {=INDEX(F42:F67,MATCH(J41,F42:F67,1))} -> 3.06 | J44: {=INDEX(G42:G67,MATCH(J41,F42:F67,1))} -> -71.778 | L44: {=IF(F44<$J$41,F44,IF(AND(F44>=$J$41,F44<$I$41),$J$41,$I$41))} -> 5.1 | M44: {=IF(L44>=$I$41,$G$42/2,IF(COUNTIF($F$42:$F$67,L44),INDEX($G$42:$G$67,MATCH(L44,$F$42:$F$67,0)),$J$43))} -> -66.523333
B45: 3 | C45: =IF(Enveloppe!H34<=Enveloppe!$J$26,Enveloppe!I34,NA()) -> 9.18 | D45: =IF(Enveloppe!H34<=Enveloppe!$J$26,ABS(Enveloppe!J34)*(-1),NA()) -> -39.33 | F45: =IF(Enveloppe!H34<=Enveloppe!$J$26,Enveloppe!I34,NA()) -> 9.18 | G45: =IF(Enveloppe!H34<=Enveloppe!$J$26,D45*1.4,NA()) -> -55.062 | I45: {=INDEX(F42:F67,MATCH(J41,F42:F67,1)+1)} -> 6.12 | J45: {=INDEX(G42:G67,MATCH(J41,F42:F67,1)+1)} -> -63.896 | L45: {=IF(F45<$J$41,F45,IF(AND(F45>=$J$41,F45<$I$41),$J$41,$I$41))} -> 5.1 | M45: {=IF(L45>=$I$41,$G$42/2,IF(COUNTIF($F$42:$F$67,L45),INDEX($G$42:$G$67,MATCH(L45,$F$42:$F$67,0)),$J$43))} -> -66.523333
B46: 4 | C46: =IF(Enveloppe!H35<=Enveloppe!$J$26,Enveloppe!I35,NA()) -> 12.24 | D46: =IF(Enveloppe!H35<=Enveloppe!$J$26,ABS(Enveloppe!J35)*(-1),NA()) -> -41.69 | F46: =IF(Enveloppe!H35<=Enveloppe!$J$26,Enveloppe!I35,NA()) -> 12.24 | G46: =IF(Enveloppe!H35<=Enveloppe!$J$26,D46*1.4,NA()) -> -58.366 | L46: {=IF(F46<$J$41,F46,IF(AND(F46>=$J$41,F46<$I$41),$J$41,$I$41))} -> 5.1 | M46: {=IF(L46>=$I$41,$G$42/2,IF(COUNTIF($F$42:$F$67,L46),INDEX($G$42:$G$67,MATCH(L46,$F$42:$F$67,0)),$J$43))} -> -66.523333
B47: 5 | C47: =IF(Enveloppe!H36<=Enveloppe!$J$26,Enveloppe!I36,NA()) -> 15.3 | D47: =IF(Enveloppe!H36<=Enveloppe!$J$26,ABS(Enveloppe!J36)*(-1),NA()) -> -42.06 | F47: =IF(Enveloppe!H36<=Enveloppe!$J$26,Enveloppe!I36,NA()) -> 15.3 | G47: =IF(Enveloppe!H36<=Enveloppe!$J$26,D47*1.4,NA()) -> -58.884 | L47: {=IF(F47<$J$41,F47,IF(AND(F47>=$J$41,F47<$I$41),$J$41,$I$41))} -> 15.3 | M47: {=IF(L47>=$I$41,$G$42/2,IF(COUNTIF($F$42:$F$67,L47),INDEX($G$42:$G$67,MATCH(L47,$F$42:$F$67,0)),$J$43))} -> -78.75
B48: 6 | C48: =IF(Enveloppe!H37<=Enveloppe!$J$26,Enveloppe!I37,NA()) -> #N/A | D48: =IF(Enveloppe!H37<=Enveloppe!$J$26,ABS(Enveloppe!J37)*(-1),NA()) -> #N/A | F48: =IF(Enveloppe!H37<=Enveloppe!$J$26,Enveloppe!I37,NA()) -> #N/A | G48: =IF(Enveloppe!H37<=Enveloppe!$J$26,D48*1.4,NA()) -> #N/A | I48: {=Enveloppe!$J$27} -> 6.12 | J48: {=IF($I$48<=$J$41,INDEX(M42:M67,MATCH($I$48,L42:L67,1)),FORECAST($I$48,J49:J50,I49:I50))} -> -67.746 | L48: {=IF(F48<$J$41,F48,IF(AND(F48>=$J$41,F48<$I$41),$J$41,$I$41))} -> #N/A | M48: {=IF(L48>=$I$41,$G$42/2,IF(COUNTIF($F$42:$F$67,L48),INDEX($G$42:$G$67,MATCH(L48,$F$42:$F$67,0)),$J$43))} -> #N/A
B49: 7 | C49: =IF(Enveloppe!H38<=Enveloppe!$J$26,Enveloppe!I38,NA()) -> #N/A | D49: =IF(Enveloppe!H38<=Enveloppe!$J$26,ABS(Enveloppe!J38)*(-1),NA()) -> #N/A | F49: =IF(Enveloppe!H38<=Enveloppe!$J$26,Enveloppe!I38,NA()) -> #N/A | G49: =IF(Enveloppe!H38<=Enveloppe!$J$26,D49*1.4,NA()) -> #N/A | I49: {=$J$41} -> 5.1 | J49: {=INDEX(M42:M67,MATCH(I49,L42:L67,1))} -> -66.523333 | L49: {=IF(F49<$J$41,F49,IF(AND(F49>=$J$41,F49<$I$41),$J$41,$I$41))} -> #N/A | M49: {=IF(L49>=$I$41,$G$42/2,IF(COUNTIF($F$42:$F$67,L49),INDEX($G$42:$G$67,MATCH(L49,$F$42:$F$67,0)),$J$43))} -> #N/A
B50: 8 | C50: =IF(Enveloppe!H39<=Enveloppe!$J$26,Enveloppe!I39,NA()) -> #N/A | D50: =IF(Enveloppe!H39<=Enveloppe!$J$26,ABS(Enveloppe!J39)*(-1),NA()) -> #N/A | F50: =IF(Enveloppe!H39<=Enveloppe!$J$26,Enveloppe!I39,NA()) -> #N/A | G50: =IF(Enveloppe!H39<=Enveloppe!$J$26,D50*1.4,NA()) -> #N/A | I50: =I41 -> 15.3 | J50: {=INDEX(M42:M67,MATCH(I50,L42:L67,1))} -> -78.75 | L50: {=IF(F50<$J$41,F50,IF(AND(F50>=$J$41,F50<$I$41),$J$41,$I$41))} -> #N/A | M50: {=IF(L50>=$I$41,$G$42/2,IF(COUNTIF($F$42:$F$67,L50),INDEX($G$42:$G$67,MATCH(L50,$F$42:$F$67,0)),$J$43))} -> #N/A
B51: 9 | C51: =IF(Enveloppe!H40<=Enveloppe!$J$26,Enveloppe!I40,NA()) -> #N/A | D51: =IF(Enveloppe!H40<=Enveloppe!$J$26,ABS(Enveloppe!J40)*(-1),NA()) -> #N/A | F51: =IF(Enveloppe!H40<=Enveloppe!$J$26,Enveloppe!I40,NA()) -> #N/A | G51: =IF(Enveloppe!H40<=Enveloppe!$J$26,D51*1.4,NA()) -> #N/A | L51: {=IF(F51<$J$41,F51,IF(AND(F51>=$J$41,F51<$I$41),$J$41,$I$41))} -> #N/A | M51: {=IF(L51>=$I$41,$G$42/2,IF(COUNTIF($F$42:$F$67,L51),INDEX($G$42:$G$67,MATCH(L51,$F$42:$F$67,0)),$J$43))} -> #N/A
B52: 10 | C52: =IF(Enveloppe!H41<=Enveloppe!$J$26,Enveloppe!I41,NA()) -> #N/A | D52: =IF(Enveloppe!H41<=Enveloppe!$J$26,ABS(Enveloppe!J41)*(-1),NA()) -> #N/A | F52: =IF(Enveloppe!H41<=Enveloppe!$J$26,Enveloppe!I41,NA()) -> #N/A | G52: =IF(Enveloppe!H41<=Enveloppe!$J$26,D52*1.4,NA()) -> #N/A | L52: {=IF(F52<$J$41,F52,IF(AND(F52>=$J$41,F52<$I$41),$J$41,$I$41))} -> #N/A | M52: {=IF(L52>=$I$41,$G$42/2,IF(COUNTIF($F$42:$F$67,L52),INDEX($G$42:$G$67,MATCH(L52,$F$42:$F$67,0)),$J$43))} -> #N/A
B53: 11 | C53: =IF(Enveloppe!H42<=Enveloppe!$J$26,Enveloppe!I42,NA()) -> #N/A | D53: =IF(Enveloppe!H42<=Enveloppe!$J$26,ABS(Enveloppe!J42)*(-1),NA()) -> #N/A | F53: =IF(Enveloppe!H42<=Enveloppe!$J$26,Enveloppe!I42,NA()) -> #N/A | G53: =IF(Enveloppe!H42<=Enveloppe!$J$26,D53*1.4,NA()) -> #N/A | L53: {=IF(F53<$J$41,F53,IF(AND(F53>=$J$41,F53<$I$41),$J$41,$I$41))} -> #N/A | M53: {=IF(L53>=$I$41,$G$42/2,IF(COUNTIF($F$42:$F$67,L53),INDEX($G$42:$G$67,MATCH(L53,$F$42:$F$67,0)),$J$43))} -> #N/A
B54: 12 | C54: =IF(Enveloppe!H43<=Enveloppe!$J$26,Enveloppe!I43,NA()) -> #N/A | D54: =IF(Enveloppe!H43<=Enveloppe!$J$26,ABS(Enveloppe!J43)*(-1),NA()) -> #N/A | F54: =IF(Enveloppe!H43<=Enveloppe!$J$26,Enveloppe!I43,NA()) -> #N/A | G54: =IF(Enveloppe!H43<=Enveloppe!$J$26,D54*1.4,NA()) -> #N/A | L54: {=IF(F54<$J$41,F54,IF(AND(F54>=$J$41,F54<$I$41),$J$41,$I$41))} -> #N/A | M54: {=IF(L54>=$I$41,$G$42/2,IF(COUNTIF($F$42:$F$67,L54),INDEX($G$42:$G$67,MATCH(L54,$F$42:$F$67,0)),$J$43))} -> #N/A
B55: 13 | C55: =IF(Enveloppe!H44<=Enveloppe!$J$26,Enveloppe!I44,NA()) -> #N/A | D55: =IF(Enveloppe!H44<=Enveloppe!$J$26,ABS(Enveloppe!J44)*(-1),NA()) -> #N/A | F55: =IF(Enveloppe!H44<=Enveloppe!$J$26,Enveloppe!I44,NA()) -> #N/A | G55: =IF(Enveloppe!H44<=Enveloppe!$J$26,D55*1.4,NA()) -> #N/A | L55: {=IF(F55<$J$41,F55,IF(AND(F55>=$J$41,F55<$I$41),$J$41,$I$41))} -> #N/A | M55: {=IF(L55>=$I$41,$G$42/2,IF(COUNTIF($F$42:$F$67,L55),INDEX($G$42:$G$67,MATCH(L55,$F$42:$F$67,0)),$J$43))} -> #N/A
B56: 14 | C56: =IF(Enveloppe!H45<=Enveloppe!$J$26,Enveloppe!I45,NA()) -> #N/A | D56: =IF(Enveloppe!H45<=Enveloppe!$J$26,ABS(Enveloppe!J45)*(-1),NA()) -> #N/A | F56: =IF(Enveloppe!H45<=Enveloppe!$J$26,Enveloppe!I45,NA()) -> #N/A | G56: =IF(Enveloppe!H45<=Enveloppe!$J$26,D56*1.4,NA()) -> #N/A | L56: {=IF(F56<$J$41,F56,IF(AND(F56>=$J$41,F56<$I$41),$J$41,$I$41))} -> #N/A | M56: {=IF(L56>=$I$41,$G$42/2,IF(COUNTIF($F$42:$F$67,L56),INDEX($G$42:$G$67,MATCH(L56,$F$42:$F$67,0)),$J$43))} -> #N/A
B57: 15 | C57: =IF(Enveloppe!H46<=Enveloppe!$J$26,Enveloppe!I46,NA()) -> #N/A | D57: =IF(Enveloppe!H46<=Enveloppe!$J$26,ABS(Enveloppe!J46)*(-1),NA()) -> #N/A | F57: =IF(Enveloppe!H46<=Enveloppe!$J$26,Enveloppe!I46,NA()) -> #N/A | G57: =IF(Enveloppe!H46<=Enveloppe!$J$26,D57*1.4,NA()) -> #N/A | L57: {=IF(F57<$J$41,F57,IF(AND(F57>=$J$41,F57<$I$41),$J$41,$I$41))} -> #N/A | M57: {=IF(L57>=$I$41,$G$42/2,IF(COUNTIF($F$42:$F$67,L57),INDEX($G$42:$G$67,MATCH(L57,$F$42:$F$67,0)),$J$43))} -> #N/A
B58: 16 | C58: =IF(Enveloppe!H47<=Enveloppe!$J$26,Enveloppe!I47,NA()) -> #N/A | D58: =IF(Enveloppe!H47<=Enveloppe!$J$26,ABS(Enveloppe!J47)*(-1),NA()) -> #N/A | F58: =IF(Enveloppe!H47<=Enveloppe!$J$26,Enveloppe!I47,NA()) -> #N/A | G58: =IF(Enveloppe!H47<=Enveloppe!$J$26,D58*1.4,NA()) -> #N/A | L58: {=IF(F58<$J$41,F58,IF(AND(F58>=$J$41,F58<$I$41),$J$41,$I$41))} -> #N/A | M58: {=IF(L58>=$I$41,$G$42/2,IF(COUNTIF($F$42:$F$67,L58),INDEX($G$42:$G$67,MATCH(L58,$F$42:$F$67,0)),$J$43))} -> #N/A
B59: 17 | C59: =IF(Enveloppe!H48<=Enveloppe!$J$26,Enveloppe!I48,NA()) -> #N/A | D59: =IF(Enveloppe!H48<=Enveloppe!$J$26,ABS(Enveloppe!J48)*(-1),NA()) -> #N/A | F59: =IF(Enveloppe!H48<=Enveloppe!$J$26,Enveloppe!I48,NA()) -> #N/A | G59: =IF(Enveloppe!H48<=Enveloppe!$J$26,D59*1.4,NA()) -> #N/A | L59: {=IF(F59<$J$41,F59,IF(AND(F59>=$J$41,F59<$I$41),$J$41,$I$41))} -> #N/A | M59: {=IF(L59>=$I$41,$G$42/2,IF(COUNTIF($F$42:$F$67,L59),INDEX($G$42:$G$67,MATCH(L59,$F$42:$F$67,0)),$J$43))} -> #N/A
B60: 18 | C60: =IF(Enveloppe!H49<=Enveloppe!$J$26,Enveloppe!I49,NA()) -> #N/A | D60: =IF(Enveloppe!H49<=Enveloppe!$J$26,ABS(Enveloppe!J49)*(-1),NA()) -> #N/A | F60: =IF(Enveloppe!H49<=Enveloppe!$J$26,Enveloppe!I49,NA()) -> #N/A | G60: =IF(Enveloppe!H49<=Enveloppe!$J$26,D60*1.4,NA()) -> #N/A | L60: {=IF(F60<$J$41,F60,IF(AND(F60>=$J$41,F60<$I$41),$J$41,$I$41))} -> #N/A | M60: {=IF(L60>=$I$41,$G$42/2,IF(COUNTIF($F$42:$F$67,L60),INDEX($G$42:$G$67,MATCH(L60,$F$42:$F$67,0)),$J$43))} -> #N/A
B61: 19 | C61: =IF(Enveloppe!H50<=Enveloppe!$J$26,Enveloppe!I50,NA()) -> #N/A | D61: =IF(Enveloppe!H50<=Enveloppe!$J$26,ABS(Enveloppe!J50)*(-1),NA()) -> #N/A | F61: =IF(Enveloppe!H50<=Enveloppe!$J$26,Enveloppe!I50,NA()) -> #N/A | G61: =IF(Enveloppe!H50<=Enveloppe!$J$26,D61*1.4,NA()) -> #N/A | L61: {=IF(F61<$J$41,F61,IF(AND(F61>=$J$41,F61<$I$41),$J$41,$I$41))} -> #N/A | M61: {=IF(L61>=$I$41,$G$42/2,IF(COUNTIF($F$42:$F$67,L61),INDEX($G$42:$G$67,MATCH(L61,$F$42:$F$67,0)),$J$43))} -> #N/A
B62: 20 | C62: =IF(Enveloppe!H51<=Enveloppe!$J$26,Enveloppe!I51,NA()) -> #N/A | D62: =IF(Enveloppe!H51<=Enveloppe!$J$26,ABS(Enveloppe!J51)*(-1),NA()) -> #N/A | F62: =IF(Enveloppe!H51<=Enveloppe!$J$26,Enveloppe!I51,NA()) -> #N/A | G62: =IF(Enveloppe!H51<=Enveloppe!$J$26,D62*1.4,NA()) -> #N/A | L62: {=IF(F62<$J$41,F62,IF(AND(F62>=$J$41,F62<$I$41),$J$41,$I$41))} -> #N/A | M62: {=IF(L62>=$I$41,$G$42/2,IF(COUNTIF($F$42:$F$67,L62),INDEX($G$42:$G$67,MATCH(L62,$F$42:$F$67,0)),$J$43))} -> #N/A
... B67: 25 | C67: =IF(Enveloppe!H56<=Enveloppe!$J$26,Enveloppe!I56,NA()) -> #N/A | D67: =IF(Enveloppe!H56<=Enveloppe!$J$26,ABS(Enveloppe!J56)*(-1),NA()) -> #N/A | F67: =IF(Enveloppe!H56<=Enveloppe!$J$26,Enveloppe!I56,NA()) -> #N/A | G67: =IF(Enveloppe!H56<=Enveloppe!$J$26,D67*1.4,NA()) -> #N/A | L67: {=IF(F67<$J$41,F67,IF(AND(F67>=$J$41,F67<$I$41),$J$41,$I$41))} -> #N/A | M67: {=IF(L67>=$I$41,$G$42/2,IF(COUNTIF($F$42:$F$67,L67),INDEX($G$42:$G$67,MATCH(L67,$F$42:$F$67,0)),$J$43))} -> #N/A
A70: FERRAILLAGE DES VOILLES (METHODE DES CONTRAINTES)
E72: lw (m) | F72: bw (m) | G72: bc (m) | H72: Lc (m) | I72: d1,2 (cm) | J72: z (cm) | K72: Fc28 (Mpa) | L72: Fe (Mpa) | M72: σadm (Mpa) | N72: S (m²) | O72: I (m4) | P72: V (m) | Q72: Zone critique | S72: Au-dessus de la zone critique
E73: =' Données'!G6 -> 1.6 | F73: =' Données'!H6 -> 0.2 | G73: ='Zone critique'!$C$13/100 -> 0.2 | H73: ='Zone critique'!C12 -> 35 | I73: ='Zone critique'!E7 -> 2.5 | J73: ='Zone critique'!$M$31 -> 120 | K73: ='Zone critique'!F7 -> 25 | L73: ='Zone critique'!G7 -> 400 | M73: =ROUND(0.85*K73/1.15,2) -> 18.48 | N73: =F73*E73 -> 0.32 | O73: =ROUND(F73*E73^3/12,4) -> 0.0683 | P73: =ROUND(E73/2,4) -> 0.8 | Q73: =INDEX(F79:F99,MATCH($G$32,F79:F99,1)+1) -> 3.06 | S73: =INDEX(F79:F99,MATCH($G$32,F79:F99,1)+2) -> 6.12
E74: ENVELOPPE DE CALCUL POUR LES EFFORTS TRANCHANTS | J74: ENVELOPPE DE CALCUL POUR LES MOMENTS FLECHISSANT | P74: τb (MPa) | Q74: τadm (MPa)
E75: =IF(AND($J$75="OUI",OR(' Données'!$D$8=B105,' Données'!$D$8=B106,' Données'!$D$8=B107)),"OUI","NON") -> OUI | J75: =IF(' Données'!$I$10="VOILES ELANCES","OUI","NON") -> OUI | P75: =ROUND(1.4*ABS(' Données'!$H$17)*10^-3/(Calcul!$F$73*0.9*Calcul!$E$73),2) -> 0.55 | Q75: =0.2*$K$73 -> 5
N77: ELEMENTS DES RIVES | Q77: L'AME
E78: Niveau | F78: Hi Cumulées [m] | G78: Ni [KN] | H78: Mi [KN.m] | I78: Ti [KN] | J78: σT(Mpa) | K78: σC(Mpa) | L78: LT (m) | M78: F (KN) | N78: Arv (cm²) | O78: Arvmin (cm²) | P78: Av (cm²) | Q78: Asv (cm²) | R78: Ah (cm²) | S78: Ahmin (cm²)
E79: =' Données'!D17 -> 0 | F79: =IF(E79=" "," ",' Données'!E17) -> 0 | G79: =IF(E79=" "," ",' Données'!F17) -> -600.51 | H79: {=IF(E79=" "," ",IF($J$75="OUI",IF(F79<=$G$32,$F$24,FORECAST(F79,$F$23:$F$24,$G$23:$G$24)),ABS(' Données'!G17)))} -> 144.03 | I79: {=IF(E79=" "," ",IF($E$75="OUI",IF(F79<=$J$41,INDEX($M$42:$M$67,MATCH(F79,$L$42:$L$67,1)),FORECAST(F79,$J$49:$J$50,$I$49:$I$50)),ABS(' Données'!H17)))} -> -157.5 | J79: =IF(E79=" "," ",ROUND(((G79/$N$73)-((H79*$P$73)/$O$73))/1000,2)) -> -3.56 | K79: =IF(E79=" "," ",ROUND(((G79/$N$73)+((H79*$P$73)/$O$73))/1000,2)) -> -0.19 | L79: =IF(E79=" "," ",ROUND($E$73-ABS(K79)/(ABS(J79)+ABS(K79))*$E$73,3)) -> 1.519 | M79: =IF(E79=" "," ",ROUND(ABS(J79)*10^3*$F$73*L79/2,2)) -> 540.76 | N79: =IF(E79=" "," ",ROUND(M79*10/$L$73,2)) -> 13.52 | O79: =IF(E79=" "," ",0.5%*($H$73)*$G$73*10^2) -> 3.5 | P79: =IF(E79=" "," ",MAX(N79,O79)) -> 13.52 | Q79: =IF(F79=" "," ",0.2%*'Zone supèrieure'!$F$9*' Données'!$H$6*100) -> 0.8 | R79: =IF(F79=" "," ",'Zone supèrieure'!$F$9*ABS(I79)/(Calcul!$J$73*Calcul!$L$73)*10) -> 0.65625 | S79: =IF(F79=" "," ",0.2%*'Zone supèrieure'!$I$9*' Données'!$H$6*100) -> 1
E80: =' Données'!D18 -> 1 | F80: =IF(E80=" "," ",' Données'!E18) -> 3.06 | G80: =IF(E80=" "," ",' Données'!F18) -> -365.4 | H80: {=IF(E80=" "," ",IF($J$75="OUI",IF(F80<=$G$32,$F$24,FORECAST(F80,$F$23:$F$24,$G$23:$G$24)),ABS(' Données'!G18)))} -> 140.30267 | I80: {=IF(E80=" "," ",IF($E$75="OUI",IF(F80<=$J$41,INDEX($M$42:$M$67,MATCH(F80,$L$42:$L$67,1)),FORECAST(F80,$J$49:$J$50,$I$49:$I$50)),ABS(' Données'!H18)))} -> -71.778 | J80: =IF(E80=" "," ",ROUND(((G80/$N$73)-((H80*$P$73)/$O$73))/1000,2)) -> -2.79 | K80: =IF(E80=" "," ",ROUND(((G80/$N$73)+((H80*$P$73)/$O$73))/1000,2)) -> 0.5 | L80: =IF(E80=" "," ",ROUND($E$73-ABS(K80)/(ABS(J80)+ABS(K80))*$E$73,3)) -> 1.357 | M80: =IF(E80=" "," ",ROUND(ABS(J80)*10^3*$F$73*L80/2,2)) -> 378.6 | N80: =IF(E80=" "," ",ROUND(M80*10/$L$73,2)) -> 9.47 | O80: =IF(E80=" "," ",0.5%*($H$73)*$G$73*10^2) -> 3.5 | P80: =IF(E80=" "," ",MAX(N80,O80)) -> 9.47 | Q80: =IF(F80=" "," ",0.2%*'Zone supèrieure'!$F$9*' Données'!$H$6*100) -> 0.8 | R80: =IF(F80=" "," ",'Zone supèrieure'!$F$9*ABS(I80)/(Calcul!$J$73*Calcul!$L$73)*10) -> 0.299075 | S80: =IF(F80=" "," ",0.2%*'Zone supèrieure'!$I$9*' Données'!$H$6*100) -> 1
E81: =' Données'!D19 -> 2 | F81: =IF(E81=" "," ",' Données'!E19) -> 6.12 | G81: =IF(E81=" "," ",' Données'!F19) -> -250.31 | H81: {=IF(E81=" "," ",IF($J$75="OUI",IF(F81<=$G$32,$F$24,FORECAST(F81,$F$23:$F$24,$G$23:$G$24)),ABS(' Données'!G19)))} -> 117.93867 | I81: {=IF(E81=" "," ",IF($E$75="OUI",IF(F81<=$J$41,INDEX($M$42:$M$67,MATCH(F81,$L$42:$L$67,1)),FORECAST(F81,$J$49:$J$50,$I$49:$I$50)),ABS(' Données'!H19)))} -> -67.746 | J81: =IF(E81=" "," ",ROUND(((G81/$N$73)-((H81*$P$73)/$O$73))/1000,2)) -> -2.16 | K81: =IF(E81=" "," ",ROUND(((G81/$N$73)+((H81*$P$73)/$O$73))/1000,2)) -> 0.6 | L81: =IF(E81=" "," ",ROUND($E$73-ABS(K81)/(ABS(J81)+ABS(K81))*$E$73,3)) -> 1.252 | M81: =IF(E81=" "," ",ROUND(ABS(J81)*10^3*$F$73*L81/2,2)) -> 270.43 | N81: =IF(E81=" "," ",ROUND(M81*10/$L$73,2)) -> 6.76 | O81: =IF(E81=" "," ",0.5%*($H$73)*$G$73*10^2) -> 3.5 | P81: =IF(E81=" "," ",MAX(N81,O81)) -> 6.76 | Q81: =IF(F81=" "," ",0.2%*'Zone supèrieure'!$F$9*' Données'!$H$6*100) -> 0.8 | R81: =IF(F81=" "," ",'Zone supèrieure'!$F$9*ABS(I81)/(Calcul!$J$73*Calcul!$L$73)*10) -> 0.282275 | S81: =IF(F81=" "," ",0.2%*'Zone supèrieure'!$I$9*' Données'!$H$6*100) -> 1
E82: =' Données'!D20 -> 3 | F82: =IF(E82=" "," ",' Données'!E20) -> 9.18 | G82: =IF(E82=" "," ",' Données'!F20) -> -91.82 | H82: {=IF(E82=" "," ",IF($J$75="OUI",IF(F82<=$G$32,$F$24,FORECAST(F82,$F$23:$F$24,$G$23:$G$24)),ABS(' Données'!G20)))} -> 95.574667 | I82: {=IF(E82=" "," ",IF($E$75="OUI",IF(F82<=$J$41,INDEX($M$42:$M$67,MATCH(F82,$L$42:$L$67,1)),FORECAST(F82,$J$49:$J$50,$I$49:$I$50)),ABS(' Données'!H20)))} -> -71.414 | J82: =IF(E82=" "," ",ROUND(((G82/$N$73)-((H82*$P$73)/$O$73))/1000,2)) -> -1.41 | K82: =IF(E82=" "," ",ROUND(((G82/$N$73)+((H82*$P$73)/$O$73))/1000,2)) -> 0.83 | L82: =IF(E82=" "," ",ROUND($E$73-ABS(K82)/(ABS(J82)+ABS(K82))*$E$73,3)) -> 1.007 | M82: =IF(E82=" "," ",ROUND(ABS(J82)*10^3*$F$73*L82/2,2)) -> 141.99 | N82: =IF(E82=" "," ",ROUND(M82*10/$L$73,2)) -> 3.55 | O82: =IF(E82=" "," ",0.5%*($H$73)*$G$73*10^2) -> 3.5 | P82: =IF(E82=" "," ",MAX(N82,O82)) -> 3.55 | Q82: =IF(F82=" "," ",0.2%*'Zone supèrieure'!$F$9*' Données'!$H$6*100) -> 0.8 | R82: =IF(F82=" "," ",'Zone supèrieure'!$F$9*ABS(I82)/(Calcul!$J$73*Calcul!$L$73)*10) -> 0.29755833 | S82: =IF(F82=" "," ",0.2%*'Zone supèrieure'!$I$9*' Données'!$H$6*100) -> 1
E83: =' Données'!D21 -> 4 | F83: =IF(E83=" "," ",' Données'!E21) -> 12.24 | G83: =IF(E83=" "," ",' Données'!F21) -> -16.33 | H83: {=IF(E83=" "," ",IF($J$75="OUI",IF(F83<=$G$32,$F$24,FORECAST(F83,$F$23:$F$24,$G$23:$G$24)),ABS(' Données'!G21)))} -> 73.210667 | I83: {=IF(E83=" "," ",IF($E$75="OUI",IF(F83<=$J$41,INDEX($M$42:$M$67,MATCH(F83,$L$42:$L$67,1)),FORECAST(F83,$J$49:$J$50,$I$49:$I$50)),ABS(' Données'!H21)))} -> -75.082 | J83: =IF(E83=" "," ",ROUND(((G83/$N$73)-((H83*$P$73)/$O$73))/1000,2)) -> -0.91 | K83: =IF(E83=" "," ",ROUND(((G83/$N$73)+((H83*$P$73)/$O$73))/1000,2)) -> 0.81 | L83: =IF(E83=" "," ",ROUND($E$73-ABS(K83)/(ABS(J83)+ABS(K83))*$E$73,3)) -> 0.847 | M83: =IF(E83=" "," ",ROUND(ABS(J83)*10^3*$F$73*L83/2,2)) -> 77.08 | N83: =IF(E83=" "," ",ROUND(M83*10/$L$73,2)) -> 1.93 | O83: =IF(E83=" "," ",0.5%*($H$73)*$G$73*10^2) -> 3.5 | P83: =IF(E83=" "," ",MAX(N83,O83)) -> 3.5 | Q83: =IF(F83=" "," ",0.2%*'Zone supèrieure'!$F$9*' Données'!$H$6*100) -> 0.8 | R83: =IF(F83=" "," ",'Zone supèrieure'!$F$9*ABS(I83)/(Calcul!$J$73*Calcul!$L$73)*10) -> 0.31284167 | S83: =IF(F83=" "," ",0.2%*'Zone supèrieure'!$I$9*' Données'!$H$6*100) -> 1
E84: =' Données'!D22 -> 5 | F84: =IF(E84=" "," ",' Données'!E22) -> 15.3 | G84: =IF(E84=" "," ",' Données'!F22) -> -49.18 | H84: {=IF(E84=" "," ",IF($J$75="OUI",IF(F84<=$G$32,$F$24,FORECAST(F84,$F$23:$F$24,$G$23:$G$24)),ABS(' Données'!G22)))} -> 50.846667 | I84: {=IF(E84=" "," ",IF($E$75="OUI",IF(F84<=$J$41,INDEX($M$42:$M$67,MATCH(F84,$L$42:$L$67,1)),FORECAST(F84,$J$49:$J$50,$I$49:$I$50)),ABS(' Données'!H22)))} -> -78.75 | J84: =IF(E84=" "," ",ROUND(((G84/$N$73)-((H84*$P$73)/$O$73))/1000,2)) -> -0.75 | K84: =IF(E84=" "," ",ROUND(((G84/$N$73)+((H84*$P$73)/$O$73))/1000,2)) -> 0.44 | L84: =IF(E84=" "," ",ROUND($E$73-ABS(K84)/(ABS(J84)+ABS(K84))*$E$73,3)) -> 1.008 | M84: =IF(E84=" "," ",ROUND(ABS(J84)*10^3*$F$73*L84/2,2)) -> 75.6 | N84: =IF(E84=" "," ",ROUND(M84*10/$L$73,2)) -> 1.89 | O84: =IF(E84=" "," ",0.5%*($H$73)*$G$73*10^2) -> 3.5 | P84: =IF(E84=" "," ",MAX(N84,O84)) -> 3.5 | Q84: =IF(F84=" "," ",0.2%*'Zone supèrieure'!$F$9*' Données'!$H$6*100) -> 0.8 | R84: =IF(F84=" "," ",'Zone supèrieure'!$F$9*ABS(I84)/(Calcul!$J$73*Calcul!$L$73)*10) -> 0.328125 | S84: =IF(F84=" "," ",0.2%*'Zone supèrieure'!$I$9*' Données'!$H$6*100) -> 1
E85: =' Données'!D23 | F85: =IF(E85=" "," ",' Données'!E23) | G85: =IF(E85=" "," ",' Données'!F23) | H85: {=IF(E85=" "," ",IF($J$75="OUI",IF(F85<=$G$32,$F$24,FORECAST(F85,$F$23:$F$24,$G$23:$G$24)),ABS(' Données'!G23)))} | I85: {=IF(E85=" "," ",IF($E$75="OUI",IF(F85<=$J$41,INDEX($M$42:$M$67,MATCH(F85,$L$42:$L$67,1)),FORECAST(F85,$J$49:$J$50,$I$49:$I$50)),ABS(' Données'!H23)))} | J85: =IF(E85=" "," ",ROUND(((G85/$N$73)-((H85*$P$73)/$O$73))/1000,2)) | K85: =IF(E85=" "," ",ROUND(((G85/$N$73)+((H85*$P$73)/$O$73))/1000,2)) | L85: =IF(E85=" "," ",ROUND($E$73-ABS(K85)/(ABS(J85)+ABS(K85))*$E$73,3)) | M85: =IF(E85=" "," ",ROUND(ABS(J85)*10^3*$F$73*L85/2,2)) | N85: =IF(E85=" "," ",ROUND(M85*10/$L$73,2)) | O85: =IF(E85=" "," ",0.5%*($H$73)*$G$73*10^2) | P85: =IF(E85=" "," ",MAX(N85,O85)) | Q85: =IF(F85=" "," ",0.2%*'Zone supèrieure'!$F$9*' Données'!$H$6*100) | R85: =IF(F85=" "," ",'Zone supèrieure'!$F$9*ABS(I85)/(Calcul!$J$73*Calcul!$L$73)*10) | S85: =IF(F85=" "," ",0.2%*'Zone supèrieure'!$I$9*' Données'!$H$6*100)
E86: =' Données'!D24 | F86: =IF(E86=" "," ",' Données'!E24) | G86: =IF(E86=" "," ",' Données'!F24) | H86: {=IF(E86=" "," ",IF($J$75="OUI",IF(F86<=$G$32,$F$24,FORECAST(F86,$F$23:$F$24,$G$23:$G$24)),ABS(' Données'!G24)))} | I86: {=IF(E86=" "," ",IF($E$75="OUI",IF(F86<=$J$41,INDEX($M$42:$M$67,MATCH(F86,$L$42:$L$67,1)),FORECAST(F86,$J$49:$J$50,$I$49:$I$50)),ABS(' Données'!H24)))} | J86: =IF(E86=" "," ",ROUND(((G86/$N$73)-((H86*$P$73)/$O$73))/1000,2)) | K86: =IF(E86=" "," ",ROUND(((G86/$N$73)+((H86*$P$73)/$O$73))/1000,2)) | L86: =IF(E86=" "," ",ROUND($E$73-ABS(K86)/(ABS(J86)+ABS(K86))*$E$73,3)) | M86: =IF(E86=" "," ",ROUND(ABS(J86)*10^3*$F$73*L86/2,2)) | N86: =IF(E86=" "," ",ROUND(M86*10/$L$73,2)) | O86: =IF(E86=" "," ",0.5%*($H$73)*$G$73*10^2) | P86: =IF(E86=" "," ",MAX(N86,O86)) | Q86: =IF(F86=" "," ",0.2%*'Zone supèrieure'!$F$9*' Données'!$H$6*100) | R86: =IF(F86=" "," ",'Zone supèrieure'!$F$9*ABS(I86)/(Calcul!$J$73*Calcul!$L$73)*10) | S86: =IF(F86=" "," ",0.2%*'Zone supèrieure'!$I$9*' Données'!$H$6*100)
E87: =' Données'!D25 | F87: =IF(E87=" "," ",' Données'!E25) | G87: =IF(E87=" "," ",' Données'!F25) | H87: {=IF(E87=" "," ",IF($J$75="OUI",IF(F87<=$G$32,$F$24,FORECAST(F87,$F$23:$F$24,$G$23:$G$24)),ABS(' Données'!G25)))} | I87: {=IF(E87=" "," ",IF($E$75="OUI",IF(F87<=$J$41,INDEX($M$42:$M$67,MATCH(F87,$L$42:$L$67,1)),FORECAST(F87,$J$49:$J$50,$I$49:$I$50)),ABS(' Données'!H25)))} | J87: =IF(E87=" "," ",ROUND(((G87/$N$73)-((H87*$P$73)/$O$73))/1000,2)) | K87: =IF(E87=" "," ",ROUND(((G87/$N$73)+((H87*$P$73)/$O$73))/1000,2)) | L87: =IF(E87=" "," ",ROUND($E$73-ABS(K87)/(ABS(J87)+ABS(K87))*$E$73,3)) | M87: =IF(E87=" "," ",ROUND(ABS(J87)*10^3*$F$73*L87/2,2)) | N87: =IF(E87=" "," ",ROUND(M87*10/$L$73,2)) | O87: =IF(E87=" "," ",0.5%*($H$73)*$G$73*10^2) | P87: =IF(E87=" "," ",MAX(N87,O87)) | Q87: =IF(F87=" "," ",0.2%*'Zone supèrieure'!$F$9*' Données'!$H$6*100) | R87: =IF(F87=" "," ",'Zone supèrieure'!$F$9*ABS(I87)/(Calcul!$J$73*Calcul!$L$73)*10) | S87: =IF(F87=" "," ",0.2%*'Zone supèrieure'!$I$9*' Données'!$H$6*100)
E88: =' Données'!D26 | F88: =IF(E88=" "," ",' Données'!E26) | G88: =IF(E88=" "," ",' Données'!F26) | H88: {=IF(E88=" "," ",IF($J$75="OUI",IF(F88<=$G$32,$F$24,FORECAST(F88,$F$23:$F$24,$G$23:$G$24)),ABS(' Données'!G26)))} | I88: {=IF(E88=" "," ",IF($E$75="OUI",IF(F88<=$J$41,INDEX($M$42:$M$67,MATCH(F88,$L$42:$L$67,1)),FORECAST(F88,$J$49:$J$50,$I$49:$I$50)),ABS(' Données'!H26)))} | J88: =IF(E88=" "," ",ROUND(((G88/$N$73)-((H88*$P$73)/$O$73))/1000,2)) | K88: =IF(E88=" "," ",ROUND(((G88/$N$73)+((H88*$P$73)/$O$73))/1000,2)) | L88: =IF(E88=" "," ",ROUND($E$73-ABS(K88)/(ABS(J88)+ABS(K88))*$E$73,3)) | M88: =IF(E88=" "," ",ROUND(ABS(J88)*10^3*$F$73*L88/2,2)) | N88: =IF(E88=" "," ",ROUND(M88*10/$L$73,2)) | O88: =IF(E88=" "," ",0.5%*($H$73)*$G$73*10^2) | P88: =IF(E88=" "," ",MAX(N88,O88)) | Q88: =IF(F88=" "," ",0.2%*'Zone supèrieure'!$F$9*' Données'!$H$6*100) | R88: =IF(F88=" "," ",'Zone supèrieure'!$F$9*ABS(I88)/(Calcul!$J$73*Calcul!$L$73)*10) | S88: =IF(F88=" "," ",0.2%*'Zone supèrieure'!$I$9*' Données'!$H$6*100)
E89: =' Données'!D27 | F89: =IF(E89=" "," ",' Données'!E27) | G89: =IF(E89=" "," ",' Données'!F27) | H89: {=IF(E89=" "," ",IF($J$75="OUI",IF(F89<=$G$32,$F$24,FORECAST(F89,$F$23:$F$24,$G$23:$G$24)),ABS(' Données'!G27)))} | I89: {=IF(E89=" "," ",IF($E$75="OUI",IF(F89<=$J$41,INDEX($M$42:$M$67,MATCH(F89,$L$42:$L$67,1)),FORECAST(F89,$J$49:$J$50,$I$49:$I$50)),ABS(' Données'!H27)))} | J89: =IF(E89=" "," ",ROUND(((G89/$N$73)-((H89*$P$73)/$O$73))/1000,2)) | K89: =IF(E89=" "," ",ROUND(((G89/$N$73)+((H89*$P$73)/$O$73))/1000,2)) | L89: =IF(E89=" "," ",ROUND($E$73-ABS(K89)/(ABS(J89)+ABS(K89))*$E$73,3)) | M89: =IF(E89=" "," ",ROUND(ABS(J89)*10^3*$F$73*L89/2,2)) | N89: =IF(E89=" "," ",ROUND(M89*10/$L$73,2)) | O89: =IF(E89=" "," ",0.5%*($H$73)*$G$73*10^2) | P89: =IF(E89=" "," ",MAX(N89,O89)) | Q89: =IF(F89=" "," ",0.2%*'Zone supèrieure'!$F$9*' Données'!$H$6*100) | R89: =IF(F89=" "," ",'Zone supèrieure'!$F$9*ABS(I89)/(Calcul!$J$73*Calcul!$L$73)*10) | S89: =IF(F89=" "," ",0.2%*'Zone supèrieure'!$I$9*' Données'!$H$6*100)
E90: =' Données'!D28 | F90: =IF(E90=" "," ",' Données'!E28) | G90: =IF(E90=" "," ",' Données'!F28) | H90: {=IF(E90=" "," ",IF($J$75="OUI",IF(F90<=$G$32,$F$24,FORECAST(F90,$F$23:$F$24,$G$23:$G$24)),ABS(' Données'!G28)))} | I90: {=IF(E90=" "," ",IF($E$75="OUI",IF(F90<=$J$41,INDEX($M$42:$M$67,MATCH(F90,$L$42:$L$67,1)),FORECAST(F90,$J$49:$J$50,$I$49:$I$50)),ABS(' Données'!H28)))} | J90: =IF(E90=" "," ",ROUND(((G90/$N$73)-((H90*$P$73)/$O$73))/1000,2)) | K90: =IF(E90=" "," ",ROUND(((G90/$N$73)+((H90*$P$73)/$O$73))/1000,2)) | L90: =IF(E90=" "," ",ROUND($E$73-ABS(K90)/(ABS(J90)+ABS(K90))*$E$73,3)) | M90: =IF(E90=" "," ",ROUND(ABS(J90)*10^3*$F$73*L90/2,2)) | N90: =IF(E90=" "," ",ROUND(M90*10/$L$73,2)) | O90: =IF(E90=" "," ",0.5%*($H$73)*$G$73*10^2) | P90: =IF(E90=" "," ",MAX(N90,O90)) | Q90: =IF(F90=" "," ",0.2%*'Zone supèrieure'!$F$9*' Données'!$H$6*100) | R90: =IF(F90=" "," ",'Zone supèrieure'!$F$9*ABS(I90)/(Calcul!$J$73*Calcul!$L$73)*10) | S90: =IF(F90=" "," ",0.2%*'Zone supèrieure'!$I$9*' Données'!$H$6*100)
... E99: =' Données'!D37 | F99: =IF(E99=" "," ",' Données'!E37) | G99: =IF(E99=" "," ",' Données'!F37) | H99: {=IF(E99=" "," ",IF($J$75="OUI",IF(F99<=$G$32,$F$24,FORECAST(F99,$F$23:$F$24,$G$23:$G$24)),ABS(' Données'!G37)))} | I99: {=IF(E99=" "," ",IF($E$75="OUI",IF(F99<=$J$41,INDEX($M$42:$M$67,MATCH(F99,$L$42:$L$67,1)),FORECAST(F99,$J$49:$J$50,$I$49:$I$50)),ABS(' Données'!H37)))} | J99: =IF(E99=" "," ",ROUND(((G99/$N$73)-((H99*$P$73)/$O$73))/1000,2)) | K99: =IF(E99=" "," ",ROUND(((G99/$N$73)+((H99*$P$73)/$O$73))/1000,2)) | L99: =IF(E99=" "," ",ROUND($E$73-ABS(K99)/(ABS(J99)+ABS(K99))*$E$73,3)) | M99: =IF(E99=" "," ",ROUND(ABS(J99)*10^3*$F$73*L99/2,2)) | N99: =IF(E99=" "," ",ROUND(M99*10/$L$73,2)) | O99: =IF(E99=" "," ",0.5%*($H$73)*$G$73*10^2) | P99: =IF(E99=" "," ",MAX(N99,O99)) | Q99: =IF(F99=" "," ",0.2%*'Zone supèrieure'!$F$9*' Données'!$H$6*100) | R99: =IF(F99=" "," ",'Zone supèrieure'!$F$9*ABS(I99)/(Calcul!$J$73*Calcul!$L$73)*10) | S99: =IF(F99=" "," ",0.2%*'Zone supèrieure'!$I$9*' Données'!$H$6*100)
A102: Type de systèm
K104: R
B105: 2- Système à contreventement mixte, équivalent à une ossature | K105: 5.5 | M105: R | O105: L | P105: =0 -> 0 | Q105: =$E$73 -> 1.6
B106: 3- Système à ossature ou mixte équivalent à ossature avec remplissage en maçonnerie rigide | K106: 3.5 | M106: =IF(' Données'!$D$8=Calcul!B105,Calcul!K105,IF(' Données'!$D$8=Calcul!B106,Calcul!K106,IF(' Données'!$D$8=Calcul!B109,K109,Calcul!K107))) -> 4.5 | O106: σ | P106: =$J$79 -> -3.56 | Q106: =K79 -> -0.19
B107: 4- Système à contreventement mixte, équivalent à des voiles | K107: 4.5
B108: 5- Système de contreventement constitué par des voiles | K108: 4.5
B109: 6- Système à ossature à noyau ou à effet noyau | K109: 3
A121: DIAMETRE DES BARRES
J123: Ø (cm) | N123: nAv | O123: nAh | P123: SAv | Q123: SAh | R123: choix | S123: choix
J124: 0.6 | N124: =IF('Zone supèrieure'!L16=" ","",INDEX($A$134:$A$143,MATCH(TRUE,INDEX(INDEX($D$134:$L$143,0,MATCH('Zone supèrieure'!$F$8*10,$D$133:$L$133,0))>='Zone supèrieure'!L16,0),0))&"HA"&'Zone supèrieure'!$F$8*10) -> 2HA10 | O124: {=IF('Zone supèrieure'!N16=" ","",INDEX($A$134:$A$143,MATCH(TRUE,INDEX(INDEX($D$134:$L$143,0,MATCH('Zone supèrieure'!$I$8*10,$D$133:$L$133,0))>=MAX('Zone supèrieure'!N16,'Zone supèrieure'!O16),0),0))&"HA"&'Zone supèrieure'!$I$8*10)} -> 2HA10 | P124: =IF(N124="","",ROUND(INDEX($D$134:$L$143,MATCH(TRUE,INDEX(INDEX($D$134:$L$143,0,MATCH('Zone supèrieure'!$F$8*10,$D$133:$L$133,0))>='Zone supèrieure'!L16,0),0),MATCH('Zone supèrieure'!$F$8*10,$D$133:$L$133,0)),2)) -> 1.57 | Q124: {=IF(O124="","",ROUND(INDEX($D$134:$L$143,MATCH(TRUE,INDEX(INDEX($D$134:$L$143,0,MATCH('Zone supèrieure'!$I$8*10,$D$133:$L$133,0))>=MAX('Zone supèrieure'!N16,'Zone supèrieure'!O16),0),0),MATCH('Zone supèrieure'!$I$8*10,$D$133:$L$133,0)),2))} -> 1.57 | R124: =IF(O124="","",N124&"="&P124&"cm²") -> 2HA10=1.57cm² | S124: =IF(O124="","",O124&"="&Q124&"cm²") -> 2HA10=1.57cm²
J125: 0.8 | N125: =IF('Zone supèrieure'!L17=" ","",INDEX($A$134:$A$143,MATCH(TRUE,INDEX(INDEX($D$134:$L$143,0,MATCH('Zone supèrieure'!$F$8*10,$D$133:$L$133,0))>='Zone supèrieure'!L17,0),0))&"HA"&'Zone supèrieure'!$F$8*10) -> 2HA10 | O125: {=IF('Zone supèrieure'!N17=" ","",INDEX($A$134:$A$143,MATCH(TRUE,INDEX(INDEX($D$134:$L$143,0,MATCH('Zone supèrieure'!$I$8*10,$D$133:$L$133,0))>=MAX('Zone supèrieure'!N17,'Zone supèrieure'!O17),0),0))&"HA"&'Zone supèrieure'!$I$8*10)} -> 2HA10 | P125: =IF(N125="","",ROUND(INDEX($D$134:$L$143,MATCH(TRUE,INDEX(INDEX($D$134:$L$143,0,MATCH('Zone supèrieure'!$F$8*10,$D$133:$L$133,0))>='Zone supèrieure'!L17,0),0),MATCH('Zone supèrieure'!$F$8*10,$D$133:$L$133,0)),2)) -> 1.57 | Q125: {=IF(O125="","",ROUND(INDEX($D$134:$L$143,MATCH(TRUE,INDEX(INDEX($D$134:$L$143,0,MATCH('Zone supèrieure'!$I$8*10,$D$133:$L$133,0))>=MAX('Zone supèrieure'!N17,'Zone supèrieure'!O17),0),0),MATCH('Zone supèrieure'!$I$8*10,$D$133:$L$133,0)),2))} -> 1.57 | R125: =IF(O125="","",N125&"="&P125&"cm²") -> 2HA10=1.57cm² | S125: =IF(O125="","",O125&"="&Q125&"cm²") -> 2HA10=1.57cm²
J126: 1 | N126: =IF('Zone supèrieure'!L18=" ","",INDEX($A$134:$A$143,MATCH(TRUE,INDEX(INDEX($D$134:$L$143,0,MATCH('Zone supèrieure'!$F$8*10,$D$133:$L$133,0))>='Zone supèrieure'!L18,0),0))&"HA"&'Zone supèrieure'!$F$8*10) -> 2HA10 | O126: {=IF('Zone supèrieure'!N18=" ","",INDEX($A$134:$A$143,MATCH(TRUE,INDEX(INDEX($D$134:$L$143,0,MATCH('Zone supèrieure'!$I$8*10,$D$133:$L$133,0))>=MAX('Zone supèrieure'!N18,'Zone supèrieure'!O18),0),0))&"HA"&'Zone supèrieure'!$I$8*10)} -> 2HA10 | P126: =IF(N126="","",ROUND(INDEX($D$134:$L$143,MATCH(TRUE,INDEX(INDEX($D$134:$L$143,0,MATCH('Zone supèrieure'!$F$8*10,$D$133:$L$133,0))>='Zone supèrieure'!L18,0),0),MATCH('Zone supèrieure'!$F$8*10,$D$133:$L$133,0)),2)) -> 1.57 | Q126: {=IF(O126="","",ROUND(INDEX($D$134:$L$143,MATCH(TRUE,INDEX(INDEX($D$134:$L$143,0,MATCH('Zone supèrieure'!$I$8*10,$D$133:$L$133,0))>=MAX('Zone supèrieure'!N18,'Zone supèrieure'!O18),0),0),MATCH('Zone supèrieure'!$I$8*10,$D$133:$L$133,0)),2))} -> 1.57 | R126: =IF(O126="","",N126&"="&P126&"cm²") -> 2HA10=1.57cm² | S126: =IF(O126="","",O126&"="&Q126&"cm²") -> 2HA10=1.57cm²
J127: 1.2 | N127: =IF('Zone supèrieure'!L19=" ","",INDEX($A$134:$A$143,MATCH(TRUE,INDEX(INDEX($D$134:$L$143,0,MATCH('Zone supèrieure'!$F$8*10,$D$133:$L$133,0))>='Zone supèrieure'!L19,0),0))&"HA"&'Zone supèrieure'!$F$8*10) -> 2HA10 | O127: {=IF('Zone supèrieure'!N19=" ","",INDEX($A$134:$A$143,MATCH(TRUE,INDEX(INDEX($D$134:$L$143,0,MATCH('Zone supèrieure'!$I$8*10,$D$133:$L$133,0))>=MAX('Zone supèrieure'!N19,'Zone supèrieure'!O19),0),0))&"HA"&'Zone supèrieure'!$I$8*10)} -> 2HA10 | P127: =IF(N127="","",ROUND(INDEX($D$134:$L$143,MATCH(TRUE,INDEX(INDEX($D$134:$L$143,0,MATCH('Zone supèrieure'!$F$8*10,$D$133:$L$133,0))>='Zone supèrieure'!L19,0),0),MATCH('Zone supèrieure'!$F$8*10,$D$133:$L$133,0)),2)) -> 1.57 | Q127: {=IF(O127="","",ROUND(INDEX($D$134:$L$143,MATCH(TRUE,INDEX(INDEX($D$134:$L$143,0,MATCH('Zone supèrieure'!$I$8*10,$D$133:$L$133,0))>=MAX('Zone supèrieure'!N19,'Zone supèrieure'!O19),0),0),MATCH('Zone supèrieure'!$I$8*10,$D$133:$L$133,0)),2))} -> 1.57 | R127: =IF(O127="","",N127&"="&P127&"cm²") -> 2HA10=1.57cm² | S127: =IF(O127="","",O127&"="&Q127&"cm²") -> 2HA10=1.57cm²
J128: 1.4 | N128: =IF('Zone supèrieure'!L20=" ","",INDEX($A$134:$A$143,MATCH(TRUE,INDEX(INDEX($D$134:$L$143,0,MATCH('Zone supèrieure'!$F$8*10,$D$133:$L$133,0))>='Zone supèrieure'!L20,0),0))&"HA"&'Zone supèrieure'!$F$8*10) -> 2HA10 | O128: {=IF('Zone supèrieure'!N20=" ","",INDEX($A$134:$A$143,MATCH(TRUE,INDEX(INDEX($D$134:$L$143,0,MATCH('Zone supèrieure'!$I$8*10,$D$133:$L$133,0))>=MAX('Zone supèrieure'!N20,'Zone supèrieure'!O20),0),0))&"HA"&'Zone supèrieure'!$I$8*10)} -> 2HA10 | P128: =IF(N128="","",ROUND(INDEX($D$134:$L$143,MATCH(TRUE,INDEX(INDEX($D$134:$L$143,0,MATCH('Zone supèrieure'!$F$8*10,$D$133:$L$133,0))>='Zone supèrieure'!L20,0),0),MATCH('Zone supèrieure'!$F$8*10,$D$133:$L$133,0)),2)) -> 1.57 | Q128: {=IF(O128="","",ROUND(INDEX($D$134:$L$143,MATCH(TRUE,INDEX(INDEX($D$134:$L$143,0,MATCH('Zone supèrieure'!$I$8*10,$D$133:$L$133,0))>=MAX('Zone supèrieure'!N20,'Zone supèrieure'!O20),0),0),MATCH('Zone supèrieure'!$I$8*10,$D$133:$L$133,0)),2))} -> 1.57 | R128: =IF(O128="","",N128&"="&P128&"cm²") -> 2HA10=1.57cm² | S128: =IF(O128="","",O128&"="&Q128&"cm²") -> 2HA10=1.57cm²
J129: 1.6 | N129: =IF('Zone supèrieure'!L21=" ","",INDEX($A$134:$A$143,MATCH(TRUE,INDEX(INDEX($D$134:$L$143,0,MATCH('Zone supèrieure'!$F$8*10,$D$133:$L$133,0))>='Zone supèrieure'!L21,0),0))&"HA"&'Zone supèrieure'!$F$8*10) -> 2HA10 | O129: {=IF('Zone supèrieure'!N21=" ","",INDEX($A$134:$A$143,MATCH(TRUE,INDEX(INDEX($D$134:$L$143,0,MATCH('Zone supèrieure'!$I$8*10,$D$133:$L$133,0))>=MAX('Zone supèrieure'!N21,'Zone supèrieure'!O21),0),0))&"HA"&'Zone supèrieure'!$I$8*10)} -> 2HA10 | P129: =IF(N129="","",ROUND(INDEX($D$134:$L$143,MATCH(TRUE,INDEX(INDEX($D$134:$L$143,0,MATCH('Zone supèrieure'!$F$8*10,$D$133:$L$133,0))>='Zone supèrieure'!L21,0),0),MATCH('Zone supèrieure'!$F$8*10,$D$133:$L$133,0)),2)) -> 1.57 | Q129: {=IF(O129="","",ROUND(INDEX($D$134:$L$143,MATCH(TRUE,INDEX(INDEX($D$134:$L$143,0,MATCH('Zone supèrieure'!$I$8*10,$D$133:$L$133,0))>=MAX('Zone supèrieure'!N21,'Zone supèrieure'!O21),0),0),MATCH('Zone supèrieure'!$I$8*10,$D$133:$L$133,0)),2))} -> 1.57 | R129: =IF(O129="","",N129&"="&P129&"cm²") -> 2HA10=1.57cm² | S129: =IF(O129="","",O129&"="&Q129&"cm²") -> 2HA10=1.57cm²
J130: 2 | N130: =IF('Zone supèrieure'!L22=" ","",INDEX($A$134:$A$143,MATCH(TRUE,INDEX(INDEX($D$134:$L$143,0,MATCH('Zone supèrieure'!$F$8*10,$D$133:$L$133,0))>='Zone supèrieure'!L22,0),0))&"HA"&'Zone supèrieure'!$F$8*10) | O130: {=IF('Zone supèrieure'!N22=" ","",INDEX($A$134:$A$143,MATCH(TRUE,INDEX(INDEX($D$134:$L$143,0,MATCH('Zone supèrieure'!$I$8*10,$D$133:$L$133,0))>=MAX('Zone supèrieure'!N22,'Zone supèrieure'!O22),0),0))&"HA"&'Zone supèrieure'!$I$8*10)} | P130: =IF(N130="","",ROUND(INDEX($D$134:$L$143,MATCH(TRUE,INDEX(INDEX($D$134:$L$143,0,MATCH('Zone supèrieure'!$F$8*10,$D$133:$L$133,0))>='Zone supèrieure'!L22,0),0),MATCH('Zone supèrieure'!$F$8*10,$D$133:$L$133,0)),2)) | Q130: {=IF(O130="","",ROUND(INDEX($D$134:$L$143,MATCH(TRUE,INDEX(INDEX($D$134:$L$143,0,MATCH('Zone supèrieure'!$I$8*10,$D$133:$L$133,0))>=MAX('Zone supèrieure'!N22,'Zone supèrieure'!O22),0),0),MATCH('Zone supèrieure'!$I$8*10,$D$133:$L$133,0)),2))} | R130: =IF(O130="","",N130&"="&P130&"cm²") | S130: =IF(O130="","",O130&"="&Q130&"cm²")
N131: =IF('Zone supèrieure'!L23=" ","",INDEX($A$134:$A$143,MATCH(TRUE,INDEX(INDEX($D$134:$L$143,0,MATCH('Zone supèrieure'!$F$8*10,$D$133:$L$133,0))>='Zone supèrieure'!L23,0),0))&"HA"&'Zone supèrieure'!$F$8*10) | O131: {=IF('Zone supèrieure'!N23=" ","",INDEX($A$134:$A$143,MATCH(TRUE,INDEX(INDEX($D$134:$L$143,0,MATCH('Zone supèrieure'!$I$8*10,$D$133:$L$133,0))>=MAX('Zone supèrieure'!N23,'Zone supèrieure'!O23),0),0))&"HA"&'Zone supèrieure'!$I$8*10)} | P131: =IF(N131="","",ROUND(INDEX($D$134:$L$143,MATCH(TRUE,INDEX(INDEX($D$134:$L$143,0,MATCH('Zone supèrieure'!$F$8*10,$D$133:$L$133,0))>='Zone supèrieure'!L23,0),0),MATCH('Zone supèrieure'!$F$8*10,$D$133:$L$133,0)),2)) | Q131: {=IF(O131="","",ROUND(INDEX($D$134:$L$143,MATCH(TRUE,INDEX(INDEX($D$134:$L$143,0,MATCH('Zone supèrieure'!$I$8*10,$D$133:$L$133,0))>=MAX('Zone supèrieure'!N23,'Zone supèrieure'!O23),0),0),MATCH('Zone supèrieure'!$I$8*10,$D$133:$L$133,0)),2))} | R131: =IF(O131="","",N131&"="&P131&"cm²") | S131: =IF(O131="","",O131&"="&Q131&"cm²")
N132: =IF('Zone supèrieure'!L24=" ","",INDEX($A$134:$A$143,MATCH(TRUE,INDEX(INDEX($D$134:$L$143,0,MATCH('Zone supèrieure'!$F$8*10,$D$133:$L$133,0))>='Zone supèrieure'!L24,0),0))&"HA"&'Zone supèrieure'!$F$8*10) | O132: {=IF('Zone supèrieure'!N24=" ","",INDEX($A$134:$A$143,MATCH(TRUE,INDEX(INDEX($D$134:$L$143,0,MATCH('Zone supèrieure'!$I$8*10,$D$133:$L$133,0))>=MAX('Zone supèrieure'!N24,'Zone supèrieure'!O24),0),0))&"HA"&'Zone supèrieure'!$I$8*10)} | P132: =IF(N132="","",ROUND(INDEX($D$134:$L$143,MATCH(TRUE,INDEX(INDEX($D$134:$L$143,0,MATCH('Zone supèrieure'!$F$8*10,$D$133:$L$133,0))>='Zone supèrieure'!L24,0),0),MATCH('Zone supèrieure'!$F$8*10,$D$133:$L$133,0)),2)) | Q132: {=IF(O132="","",ROUND(INDEX($D$134:$L$143,MATCH(TRUE,INDEX(INDEX($D$134:$L$143,0,MATCH('Zone supèrieure'!$I$8*10,$D$133:$L$133,0))>=MAX('Zone supèrieure'!N24,'Zone supèrieure'!O24),0),0),MATCH('Zone supèrieure'!$I$8*10,$D$133:$L$133,0)),2))} | R132: =IF(O132="","",N132&"="&P132&"cm²") | S132: =IF(O132="","",O132&"="&Q132&"cm²")
A133: Ø (mm) | B133: 5 | C133: =B133+1 -> 6 | D133: 8 | E133: 10 | F133: 12 | G133: 14 | H133: 16 | I133: 20 | J133: 25 | K133: 32 | L133: 40 | N133: =IF('Zone supèrieure'!L25=" ","",INDEX($A$134:$A$143,MATCH(TRUE,INDEX(INDEX($D$134:$L$143,0,MATCH('Zone supèrieure'!$F$8*10,$D$133:$L$133,0))>='Zone supèrieure'!L25,0),0))&"HA"&'Zone supèrieure'!$F$8*10) | O133: {=IF('Zone supèrieure'!N25=" ","",INDEX($A$134:$A$143,MATCH(TRUE,INDEX(INDEX($D$134:$L$143,0,MATCH('Zone supèrieure'!$I$8*10,$D$133:$L$133,0))>=MAX('Zone supèrieure'!N25,'Zone supèrieure'!O25),0),0))&"HA"&'Zone supèrieure'!$I$8*10)} | P133: =IF(N133="","",ROUND(INDEX($D$134:$L$143,MATCH(TRUE,INDEX(INDEX($D$134:$L$143,0,MATCH('Zone supèrieure'!$F$8*10,$D$133:$L$133,0))>='Zone supèrieure'!L25,0),0),MATCH('Zone supèrieure'!$F$8*10,$D$133:$L$133,0)),2)) | Q133: {=IF(O133="","",ROUND(INDEX($D$134:$L$143,MATCH(TRUE,INDEX(INDEX($D$134:$L$143,0,MATCH('Zone supèrieure'!$I$8*10,$D$133:$L$133,0))>=MAX('Zone supèrieure'!N25,'Zone supèrieure'!O25),0),0),MATCH('Zone supèrieure'!$I$8*10,$D$133:$L$133,0)),2))} | R133: =IF(O133="","",N133&"="&P133&"cm²") | S133: =IF(O133="","",O133&"="&Q133&"cm²")
A134: 2 | B134: =PI()*POWER(B$133*0.1,2)/4*$A134 -> 0.39269908 | C134: =PI()*POWER(C$133*0.1,2)/4*$A134 -> 0.56548668 | D134: =PI()*POWER(D$133*0.1,2)/4*$A134 -> 1.0053096 | E134: =PI()*POWER(E$133*0.1,2)/4*$A134 -> 1.5707963 | F134: =PI()*POWER(F$133*0.1,2)/4*$A134 -> 2.2619467 | G134: =PI()*POWER(G$133*0.1,2)/4*$A134 -> 3.0787608 | H134: =PI()*POWER(H$133*0.1,2)/4*$A134 -> 4.0212386 | I134: =PI()*POWER(I$133*0.1,2)/4*$A134 -> 6.2831853 | ... L134: =PI()*POWER(L$133*0.1,2)/4*$A134 -> 25.132741 | N134: =IF('Zone supèrieure'!L26=" ","",INDEX($A$134:$A$143,MATCH(TRUE,INDEX(INDEX($D$134:$L$143,0,MATCH('Zone supèrieure'!$F$8*10,$D$133:$L$133,0))>='Zone supèrieure'!L26,0),0))&"HA"&'Zone supèrieure'!$F$8*10) | O134: {=IF('Zone supèrieure'!N26=" ","",INDEX($A$134:$A$143,MATCH(TRUE,INDEX(INDEX($D$134:$L$143,0,MATCH('Zone supèrieure'!$I$8*10,$D$133:$L$133,0))>=MAX('Zone supèrieure'!N26,'Zone supèrieure'!O26),0),0))&"HA"&'Zone supèrieure'!$I$8*10)} | P134: =IF(N134="","",ROUND(INDEX($D$134:$L$143,MATCH(TRUE,INDEX(INDEX($D$134:$L$143,0,MATCH('Zone supèrieure'!$F$8*10,$D$133:$L$133,0))>='Zone supèrieure'!L26,0),0),MATCH('Zone supèrieure'!$F$8*10,$D$133:$L$133,0)),2)) | Q134: {=IF(O134="","",ROUND(INDEX($D$134:$L$143,MATCH(TRUE,INDEX(INDEX($D$134:$L$143,0,MATCH('Zone supèrieure'!$I$8*10,$D$133:$L$133,0))>=MAX('Zone supèrieure'!N26,'Zone supèrieure'!O26),0),0),MATCH('Zone supèrieure'!$I$8*10,$D$133:$L$133,0)),2))} | R134: =IF(O134="","",N134&"="&P134&"cm²") | S134: =IF(O134="","",O134&"="&Q134&"cm²")
A135: 4 | B135: =PI()*POWER(B$133*0.1,2)/4*$A135 -> 0.78539816 | C135: =PI()*POWER(C$133*0.1,2)/4*$A135 -> 1.1309734 | D135: =PI()*POWER(D$133*0.1,2)/4*$A135 -> 2.0106193 | E135: =PI()*POWER(E$133*0.1,2)/4*$A135 -> 3.1415927 | F135: =PI()*POWER(F$133*0.1,2)/4*$A135 -> 4.5238934 | G135: =PI()*POWER(G$133*0.1,2)/4*$A135 -> 6.1575216 | H135: =PI()*POWER(H$133*0.1,2)/4*$A135 -> 8.0424772 | I135: =PI()*POWER(I$133*0.1,2)/4*$A135 -> 12.566371 | ... L135: =PI()*POWER(L$133*0.1,2)/4*$A135 -> 50.265482 | N135: =IF('Zone supèrieure'!L27=" ","",INDEX($A$134:$A$143,MATCH(TRUE,INDEX(INDEX($D$134:$L$143,0,MATCH('Zone supèrieure'!$F$8*10,$D$133:$L$133,0))>='Zone supèrieure'!L27,0),0))&"HA"&'Zone supèrieure'!$F$8*10) | O135: {=IF('Zone supèrieure'!N27=" ","",INDEX($A$134:$A$143,MATCH(TRUE,INDEX(INDEX($D$134:$L$143,0,MATCH('Zone supèrieure'!$I$8*10,$D$133:$L$133,0))>=MAX('Zone supèrieure'!N27,'Zone supèrieure'!O27),0),0))&"HA"&'Zone supèrieure'!$I$8*10)} | P135: =IF(N135="","",ROUND(INDEX($D$134:$L$143,MATCH(TRUE,INDEX(INDEX($D$134:$L$143,0,MATCH('Zone supèrieure'!$F$8*10,$D$133:$L$133,0))>='Zone supèrieure'!L27,0),0),MATCH('Zone supèrieure'!$F$8*10,$D$133:$L$133,0)),2)) | Q135: {=IF(O135="","",ROUND(INDEX($D$134:$L$143,MATCH(TRUE,INDEX(INDEX($D$134:$L$143,0,MATCH('Zone supèrieure'!$I$8*10,$D$133:$L$133,0))>=MAX('Zone supèrieure'!N27,'Zone supèrieure'!O27),0),0),MATCH('Zone supèrieure'!$I$8*10,$D$133:$L$133,0)),2))} | R135: =IF(O135="","",N135&"="&P135&"cm²") | S135: =IF(O135="","",O135&"="&Q135&"cm²")
A136: 6 | B136: =PI()*POWER(B$133*0.1,2)/4*$A136 -> 1.1780972 | C136: =PI()*POWER(C$133*0.1,2)/4*$A136 -> 1.69646 | D136: =PI()*POWER(D$133*0.1,2)/4*$A136 -> 3.0159289 | E136: =PI()*POWER(E$133*0.1,2)/4*$A136 -> 4.712389 | F136: =PI()*POWER(F$133*0.1,2)/4*$A136 -> 6.7858401 | G136: =PI()*POWER(G$133*0.1,2)/4*$A136 -> 9.2362824 | H136: =PI()*POWER(H$133*0.1,2)/4*$A136 -> 12.063716 | I136: =PI()*POWER(I$133*0.1,2)/4*$A136 -> 18.849556 | ... L136: =PI()*POWER(L$133*0.1,2)/4*$A136 -> 75.398224 | N136: =IF('Zone supèrieure'!L28=" ","",INDEX($A$134:$A$143,MATCH(TRUE,INDEX(INDEX($D$134:$L$143,0,MATCH('Zone supèrieure'!$F$8*10,$D$133:$L$133,0))>='Zone supèrieure'!L28,0),0))&"HA"&'Zone supèrieure'!$F$8*10) | O136: {=IF('Zone supèrieure'!N28=" ","",INDEX($A$134:$A$143,MATCH(TRUE,INDEX(INDEX($D$134:$L$143,0,MATCH('Zone supèrieure'!$I$8*10,$D$133:$L$133,0))>=MAX('Zone supèrieure'!N28,'Zone supèrieure'!O28),0),0))&"HA"&'Zone supèrieure'!$I$8*10)} | P136: =IF(N136="","",ROUND(INDEX($D$134:$L$143,MATCH(TRUE,INDEX(INDEX($D$134:$L$143,0,MATCH('Zone supèrieure'!$F$8*10,$D$133:$L$133,0))>='Zone supèrieure'!L28,0),0),MATCH('Zone supèrieure'!$F$8*10,$D$133:$L$133,0)),2)) | Q136: {=IF(O136="","",ROUND(INDEX($D$134:$L$143,MATCH(TRUE,INDEX(INDEX($D$134:$L$143,0,MATCH('Zone supèrieure'!$I$8*10,$D$133:$L$133,0))>=MAX('Zone supèrieure'!N28,'Zone supèrieure'!O28),0),0),MATCH('Zone supèrieure'!$I$8*10,$D$133:$L$133,0)),2))} | R136: =IF(O136="","",N136&"="&P136&"cm²") | S136: =IF(O136="","",O136&"="&Q136&"cm²")
A137: 8 | B137: =PI()*POWER(B$133*0.1,2)/4*$A137 -> 1.5707963 | C137: =PI()*POWER(C$133*0.1,2)/4*$A137 -> 2.2619467 | D137: =PI()*POWER(D$133*0.1,2)/4*$A137 -> 4.0212386 | E137: =PI()*POWER(E$133*0.1,2)/4*$A137 -> 6.2831853 | F137: =PI()*POWER(F$133*0.1,2)/4*$A137 -> 9.0477868 | G137: =PI()*POWER(G$133*0.1,2)/4*$A137 -> 12.315043 | H137: =PI()*POWER(H$133*0.1,2)/4*$A137 -> 16.084954 | I137: =PI()*POWER(I$133*0.1,2)/4*$A137 -> 25.132741 | ... L137: =PI()*POWER(L$133*0.1,2)/4*$A137 -> 100.53096 | N137: =IF('Zone supèrieure'!L29=" ","",INDEX($A$134:$A$143,MATCH(TRUE,INDEX(INDEX($D$134:$L$143,0,MATCH('Zone supèrieure'!$F$8*10,$D$133:$L$133,0))>='Zone supèrieure'!L29,0),0))&"HA"&'Zone supèrieure'!$F$8*10) | O137: {=IF('Zone supèrieure'!N29=" ","",INDEX($A$134:$A$143,MATCH(TRUE,INDEX(INDEX($D$134:$L$143,0,MATCH('Zone supèrieure'!$I$8*10,$D$133:$L$133,0))>=MAX('Zone supèrieure'!N29,'Zone supèrieure'!O29),0),0))&"HA"&'Zone supèrieure'!$I$8*10)} | P137: =IF(N137="","",ROUND(INDEX($D$134:$L$143,MATCH(TRUE,INDEX(INDEX($D$134:$L$143,0,MATCH('Zone supèrieure'!$F$8*10,$D$133:$L$133,0))>='Zone supèrieure'!L29,0),0),MATCH('Zone supèrieure'!$F$8*10,$D$133:$L$133,0)),2)) | Q137: {=IF(O137="","",ROUND(INDEX($D$134:$L$143,MATCH(TRUE,INDEX(INDEX($D$134:$L$143,0,MATCH('Zone supèrieure'!$I$8*10,$D$133:$L$133,0))>=MAX('Zone supèrieure'!N29,'Zone supèrieure'!O29),0),0),MATCH('Zone supèrieure'!$I$8*10,$D$133:$L$133,0)),2))} | R137: =IF(O137="","",N137&"="&P137&"cm²") | S137: =IF(O137="","",O137&"="&Q137&"cm²")
A138: 10 | B138: =PI()*POWER(B$133*0.1,2)/4*$A138 -> 1.9634954 | C138: =PI()*POWER(C$133*0.1,2)/4*$A138 -> 2.8274334 | D138: =PI()*POWER(D$133*0.1,2)/4*$A138 -> 5.0265482 | E138: =PI()*POWER(E$133*0.1,2)/4*$A138 -> 7.8539816 | F138: =PI()*POWER(F$133*0.1,2)/4*$A138 -> 11.309734 | G138: =PI()*POWER(G$133*0.1,2)/4*$A138 -> 15.393804 | H138: =PI()*POWER(H$133*0.1,2)/4*$A138 -> 20.106193 | I138: =PI()*POWER(I$133*0.1,2)/4*$A138 -> 31.415927 | ... L138: =PI()*POWER(L$133*0.1,2)/4*$A138 -> 125.66371 | N138: =IF('Zone supèrieure'!L30=" ","",INDEX($A$134:$A$143,MATCH(TRUE,INDEX(INDEX($D$134:$L$143,0,MATCH('Zone supèrieure'!$F$8*10,$D$133:$L$133,0))>='Zone supèrieure'!L30,0),0))&"HA"&'Zone supèrieure'!$F$8*10) | O138: {=IF('Zone supèrieure'!N30=" ","",INDEX($A$134:$A$143,MATCH(TRUE,INDEX(INDEX($D$134:$L$143,0,MATCH('Zone supèrieure'!$I$8*10,$D$133:$L$133,0))>=MAX('Zone supèrieure'!N30,'Zone supèrieure'!O30),0),0))&"HA"&'Zone supèrieure'!$I$8*10)} | P138: =IF(N138="","",ROUND(INDEX($D$134:$L$143,MATCH(TRUE,INDEX(INDEX($D$134:$L$143,0,MATCH('Zone supèrieure'!$F$8*10,$D$133:$L$133,0))>='Zone supèrieure'!L30,0),0),MATCH('Zone supèrieure'!$F$8*10,$D$133:$L$133,0)),2)) | Q138: {=IF(O138="","",ROUND(INDEX($D$134:$L$143,MATCH(TRUE,INDEX(INDEX($D$134:$L$143,0,MATCH('Zone supèrieure'!$I$8*10,$D$133:$L$133,0))>=MAX('Zone supèrieure'!N30,'Zone supèrieure'!O30),0),0),MATCH('Zone supèrieure'!$I$8*10,$D$133:$L$133,0)),2))} | R138: =IF(O138="","",N138&"="&P138&"cm²") | S138: =IF(O138="","",O138&"="&Q138&"cm²")
A139: 12 | B139: =PI()*POWER(B$133*0.1,2)/4*$A139 -> 2.3561945 | C139: =PI()*POWER(C$133*0.1,2)/4*$A139 -> 3.3929201 | D139: =PI()*POWER(D$133*0.1,2)/4*$A139 -> 6.0318579 | E139: =PI()*POWER(E$133*0.1,2)/4*$A139 -> 9.424778 | F139: =PI()*POWER(F$133*0.1,2)/4*$A139 -> 13.57168 | G139: =PI()*POWER(G$133*0.1,2)/4*$A139 -> 18.472565 | H139: =PI()*POWER(H$133*0.1,2)/4*$A139 -> 24.127432 | I139: =PI()*POWER(I$133*0.1,2)/4*$A139 -> 37.699112 | ... L139: =PI()*POWER(L$133*0.1,2)/4*$A139 -> 150.79645 | N139: =IF('Zone supèrieure'!L31=" ","",INDEX($A$134:$A$143,MATCH(TRUE,INDEX(INDEX($D$134:$L$143,0,MATCH('Zone supèrieure'!$F$8*10,$D$133:$L$133,0))>='Zone supèrieure'!L31,0),0))&"HA"&'Zone supèrieure'!$F$8*10) | O139: {=IF('Zone supèrieure'!N31=" ","",INDEX($A$134:$A$143,MATCH(TRUE,INDEX(INDEX($D$134:$L$143,0,MATCH('Zone supèrieure'!$I$8*10,$D$133:$L$133,0))>=MAX('Zone supèrieure'!N31,'Zone supèrieure'!O31),0),0))&"HA"&'Zone supèrieure'!$I$8*10)} | P139: =IF(N139="","",ROUND(INDEX($D$134:$L$143,MATCH(TRUE,INDEX(INDEX($D$134:$L$143,0,MATCH('Zone supèrieure'!$F$8*10,$D$133:$L$133,0))>='Zone supèrieure'!L31,0),0),MATCH('Zone supèrieure'!$F$8*10,$D$133:$L$133,0)),2)) | Q139: {=IF(O139="","",ROUND(INDEX($D$134:$L$143,MATCH(TRUE,INDEX(INDEX($D$134:$L$143,0,MATCH('Zone supèrieure'!$I$8*10,$D$133:$L$133,0))>=MAX('Zone supèrieure'!N31,'Zone supèrieure'!O31),0),0),MATCH('Zone supèrieure'!$I$8*10,$D$133:$L$133,0)),2))} | R139: =IF(O139="","",N139&"="&P139&"cm²") | S139: =IF(O139="","",O139&"="&Q139&"cm²")
A140: 14 | B140: =PI()*POWER(B$133*0.1,2)/4*$A140 -> 2.7488936 | C140: =PI()*POWER(C$133*0.1,2)/4*$A140 -> 3.9584067 | D140: =PI()*POWER(D$133*0.1,2)/4*$A140 -> 7.0371675 | E140: =PI()*POWER(E$133*0.1,2)/4*$A140 -> 10.995574 | F140: =PI()*POWER(F$133*0.1,2)/4*$A140 -> 15.833627 | G140: =PI()*POWER(G$133*0.1,2)/4*$A140 -> 21.551326 | H140: =PI()*POWER(H$133*0.1,2)/4*$A140 -> 28.14867 | I140: =PI()*POWER(I$133*0.1,2)/4*$A140 -> 43.982297 | ... L140: =PI()*POWER(L$133*0.1,2)/4*$A140 -> 175.92919 | N140: =IF('Zone supèrieure'!L32=" ","",INDEX($A$134:$A$143,MATCH(TRUE,INDEX(INDEX($D$134:$L$143,0,MATCH('Zone supèrieure'!$F$8*10,$D$133:$L$133,0))>='Zone supèrieure'!L32,0),0))&"HA"&'Zone supèrieure'!$F$8*10) | O140: {=IF('Zone supèrieure'!N32=" ","",INDEX($A$134:$A$143,MATCH(TRUE,INDEX(INDEX($D$134:$L$143,0,MATCH('Zone supèrieure'!$I$8*10,$D$133:$L$133,0))>=MAX('Zone supèrieure'!N32,'Zone supèrieure'!O32),0),0))&"HA"&'Zone supèrieure'!$I$8*10)} | P140: =IF(N140="","",ROUND(INDEX($D$134:$L$143,MATCH(TRUE,INDEX(INDEX($D$134:$L$143,0,MATCH('Zone supèrieure'!$F$8*10,$D$133:$L$133,0))>='Zone supèrieure'!L32,0),0),MATCH('Zone supèrieure'!$F$8*10,$D$133:$L$133,0)),2)) | Q140: {=IF(O140="","",ROUND(INDEX($D$134:$L$143,MATCH(TRUE,INDEX(INDEX($D$134:$L$143,0,MATCH('Zone supèrieure'!$I$8*10,$D$133:$L$133,0))>=MAX('Zone supèrieure'!N32,'Zone supèrieure'!O32),0),0),MATCH('Zone supèrieure'!$I$8*10,$D$133:$L$133,0)),2))} | R140: =IF(O140="","",N140&"="&P140&"cm²") | S140: =IF(O140="","",O140&"="&Q140&"cm²")
A141: 16 | B141: =PI()*POWER(B$133*0.1,2)/4*$A141 -> 3.1415927 | C141: =PI()*POWER(C$133*0.1,2)/4*$A141 -> 4.5238934 | D141: =PI()*POWER(D$133*0.1,2)/4*$A141 -> 8.0424772 | E141: =PI()*POWER(E$133*0.1,2)/4*$A141 -> 12.566371 | F141: =PI()*POWER(F$133*0.1,2)/4*$A141 -> 18.095574 | G141: =PI()*POWER(G$133*0.1,2)/4*$A141 -> 24.630086 | H141: =PI()*POWER(H$133*0.1,2)/4*$A141 -> 32.169909 | I141: =PI()*POWER(I$133*0.1,2)/4*$A141 -> 50.265482 | ... L141: =PI()*POWER(L$133*0.1,2)/4*$A141 -> 201.06193 | N141: =IF('Zone supèrieure'!L33=" ","",INDEX($A$134:$A$143,MATCH(TRUE,INDEX(INDEX($D$134:$L$143,0,MATCH('Zone supèrieure'!$F$8*10,$D$133:$L$133,0))>='Zone supèrieure'!L33,0),0))&"HA"&'Zone supèrieure'!$F$8*10) | O141: {=IF('Zone supèrieure'!N33=" ","",INDEX($A$134:$A$143,MATCH(TRUE,INDEX(INDEX($D$134:$L$143,0,MATCH('Zone supèrieure'!$I$8*10,$D$133:$L$133,0))>=MAX('Zone supèrieure'!N33,'Zone supèrieure'!O33),0),0))&"HA"&'Zone supèrieure'!$I$8*10)} | P141: =IF(N141="","",ROUND(INDEX($D$134:$L$143,MATCH(TRUE,INDEX(INDEX($D$134:$L$143,0,MATCH('Zone supèrieure'!$F$8*10,$D$133:$L$133,0))>='Zone supèrieure'!L33,0),0),MATCH('Zone supèrieure'!$F$8*10,$D$133:$L$133,0)),2)) | Q141: {=IF(O141="","",ROUND(INDEX($D$134:$L$143,MATCH(TRUE,INDEX(INDEX($D$134:$L$143,0,MATCH('Zone supèrieure'!$I$8*10,$D$133:$L$133,0))>=MAX('Zone supèrieure'!N33,'Zone supèrieure'!O33),0),0),MATCH('Zone supèrieure'!$I$8*10,$D$133:$L$133,0)),2))} | R141: =IF(O141="","",N141&"="&P141&"cm²") | S141: =IF(O141="","",O141&"="&Q141&"cm²")
A142: 18 | B142: =PI()*POWER(B$133*0.1,2)/4*$A142 -> 3.5342917 | C142: =PI()*POWER(C$133*0.1,2)/4*$A142 -> 5.0893801 | D142: =PI()*POWER(D$133*0.1,2)/4*$A142 -> 9.0477868 | E142: =PI()*POWER(E$133*0.1,2)/4*$A142 -> 14.137167 | F142: =PI()*POWER(F$133*0.1,2)/4*$A142 -> 20.35752 | G142: =PI()*POWER(G$133*0.1,2)/4*$A142 -> 27.708847 | H142: =PI()*POWER(H$133*0.1,2)/4*$A142 -> 36.191147 | I142: =PI()*POWER(I$133*0.1,2)/4*$A142 -> 56.548668 | ... L142: =PI()*POWER(L$133*0.1,2)/4*$A142 -> 226.19467 | N142: =IF('Zone supèrieure'!L34=" ","",INDEX($A$134:$A$143,MATCH(TRUE,INDEX(INDEX($D$134:$L$143,0,MATCH('Zone supèrieure'!$F$8*10,$D$133:$L$133,0))>='Zone supèrieure'!L34,0),0))&"HA"&'Zone supèrieure'!$F$8*10) | O142: {=IF('Zone supèrieure'!N34=" ","",INDEX($A$134:$A$143,MATCH(TRUE,INDEX(INDEX($D$134:$L$143,0,MATCH('Zone supèrieure'!$I$8*10,$D$133:$L$133,0))>=MAX('Zone supèrieure'!N34,'Zone supèrieure'!O34),0),0))&"HA"&'Zone supèrieure'!$I$8*10)} | P142: =IF(N142="","",ROUND(INDEX($D$134:$L$143,MATCH(TRUE,INDEX(INDEX($D$134:$L$143,0,MATCH('Zone supèrieure'!$F$8*10,$D$133:$L$133,0))>='Zone supèrieure'!L34,0),0),MATCH('Zone supèrieure'!$F$8*10,$D$133:$L$133,0)),2)) | Q142: {=IF(O142="","",ROUND(INDEX($D$134:$L$143,MATCH(TRUE,INDEX(INDEX($D$134:$L$143,0,MATCH('Zone supèrieure'!$I$8*10,$D$133:$L$133,0))>=MAX('Zone supèrieure'!N34,'Zone supèrieure'!O34),0),0),MATCH('Zone supèrieure'!$I$8*10,$D$133:$L$133,0)),2))} | R142: =IF(O142="","",N142&"="&P142&"cm²") | S142: =IF(O142="","",O142&"="&Q142&"cm²")
A143: 20 | B143: =PI()*POWER(B$133*0.1,2)/4*$A143 -> 3.9269908 | C143: =PI()*POWER(C$133*0.1,2)/4*$A143 -> 5.6548668 | D143: =PI()*POWER(D$133*0.1,2)/4*$A143 -> 10.053096 | E143: =PI()*POWER(E$133*0.1,2)/4*$A143 -> 15.707963 | F143: =PI()*POWER(F$133*0.1,2)/4*$A143 -> 22.619467 | G143: =PI()*POWER(G$133*0.1,2)/4*$A143 -> 30.787608 | H143: =PI()*POWER(H$133*0.1,2)/4*$A143 -> 40.212386 | I143: =PI()*POWER(I$133*0.1,2)/4*$A143 -> 62.831853 | ... L143: =PI()*POWER(L$133*0.1,2)/4*$A143 -> 251.32741 | N143: =IF('Zone supèrieure'!L35=" ","",INDEX($A$134:$A$143,MATCH(TRUE,INDEX(INDEX($D$134:$L$143,0,MATCH('Zone supèrieure'!$F$8*10,$D$133:$L$133,0))>='Zone supèrieure'!L35,0),0))&"HA"&'Zone supèrieure'!$F$8*10) | O143: {=IF('Zone supèrieure'!N35=" ","",INDEX($A$134:$A$143,MATCH(TRUE,INDEX(INDEX($D$134:$L$143,0,MATCH('Zone supèrieure'!$I$8*10,$D$133:$L$133,0))>=MAX('Zone supèrieure'!N35,'Zone supèrieure'!O35),0),0))&"HA"&'Zone supèrieure'!$I$8*10)} | P143: =IF(N143="","",ROUND(INDEX($D$134:$L$143,MATCH(TRUE,INDEX(INDEX($D$134:$L$143,0,MATCH('Zone supèrieure'!$F$8*10,$D$133:$L$133,0))>='Zone supèrieure'!L35,0),0),MATCH('Zone supèrieure'!$F$8*10,$D$133:$L$133,0)),2)) | Q143: {=IF(O143="","",ROUND(INDEX($D$134:$L$143,MATCH(TRUE,INDEX(INDEX($D$134:$L$143,0,MATCH('Zone supèrieure'!$I$8*10,$D$133:$L$133,0))>=MAX('Zone supèrieure'!N35,'Zone supèrieure'!O35),0),0),MATCH('Zone supèrieure'!$I$8*10,$D$133:$L$133,0)),2))} | R143: =IF(O143="","",N143&"="&P143&"cm²") | S143: =IF(O143="","",O143&"="&Q143&"cm²")
N144: =IF('Zone supèrieure'!L36=" ","",INDEX($A$134:$A$143,MATCH(TRUE,INDEX(INDEX($D$134:$L$143,0,MATCH('Zone supèrieure'!$F$8*10,$D$133:$L$133,0))>='Zone supèrieure'!L36,0),0))&"HA"&'Zone supèrieure'!$F$8*10) | O144: {=IF('Zone supèrieure'!N36=" ","",INDEX($A$134:$A$143,MATCH(TRUE,INDEX(INDEX($D$134:$L$143,0,MATCH('Zone supèrieure'!$I$8*10,$D$133:$L$133,0))>=MAX('Zone supèrieure'!N36,'Zone supèrieure'!O36),0),0))&"HA"&'Zone supèrieure'!$I$8*10)} | P144: =IF(N144="","",ROUND(INDEX($D$134:$L$143,MATCH(TRUE,INDEX(INDEX($D$134:$L$143,0,MATCH('Zone supèrieure'!$F$8*10,$D$133:$L$133,0))>='Zone supèrieure'!L36,0),0),MATCH('Zone supèrieure'!$F$8*10,$D$133:$L$133,0)),2)) | Q144: {=IF(O144="","",ROUND(INDEX($D$134:$L$143,MATCH(TRUE,INDEX(INDEX($D$134:$L$143,0,MATCH('Zone supèrieure'!$I$8*10,$D$133:$L$133,0))>=MAX('Zone supèrieure'!N36,'Zone supèrieure'!O36),0),0),MATCH('Zone supèrieure'!$I$8*10,$D$133:$L$133,0)),2))} | R144: =IF(O144="","",N144&"="&P144&"cm²") | S144: =IF(O144="","",O144&"="&Q144&"cm²")

Sheet Moment resistant
B1: PROJECT : | I1: R. Taleb | J1: Université de Blida 1 | N1: y (cm)
B2: CLIENT : | I2: Ver. 2.0 | J2: Département de Génie Civil
B3: Task ID : | E3: mdification Ing Morsli Hammou | I3: Jan. 2025 | J3: Email: rafik.taleb.dz@gmail.com | N3: -3500
A4: Moment résistant - Section Rectangulaire en BA aux ELU selon CBA 93 | N4: -350
A5: Données de calcul | J5: L'auteur n'est pas résponsable | N5: -35
A6: Caracteristiques des matériaux | J6: de l'utilisation faite de | N6: -31.5
A7: Résistance caracteristique du béton | F7: fc28 | G7: = | H7: =' Données'!J6 -> 25 | I7: Mpa | J7: de ce programme | N7: -28
A8: Limite d'élasticite de l'acier | F8: fe | G8: = | H8: =' Données'!K6 -> 400 | I8: MPa | N8: -24.5
A9: Coefficients | K9: =IF(H7<8,"Revoir fc28","") | L9: =IF(H8<200,"Revoir fe","") | N9: -17.5
A10: Coefficient de durée de chargenent | F10: q = | G10: = | H10: =IF(H11=1.2,0.85,1) -> 0.85 | I10: =IF(H10=1,"> 24h", IF(H10=0.9,"24h> …>1h","< 1h")) -> < 1h | N10: -14
A11: Coefficient de sécurite partiel - Béton | F11: gb = | G11: = | H11: =' Données'!$L$6 -> 1.2 | N11: -10.5
A12: Coefficient de sécurite partiel - Acier | F12: gs = | G12: = | H12: =' Données'!$M$6 -> 1 | N12: -7
A13: Effort normal | N13: -3.5
A14: Effort normal ultime | F14: Nu | G14: = | H14: ='Zone critique'!O7 -> 600.51 | I14: kN | K14: =IF(OR(H14<'CALCUL Mrd'!H32,H14>'CALCUL Mrd'!H33),"Effort N > Nultime !!","") | N14: 0
A15: Section et Ferraillage | N15: 0.35000002
A16: Largeur du poteau | F16: b | G16: = | H16: ='Zone critique'!$D$7*100 -> 20 | I16: cm | N16: 0.70000005
A17: Hauteur du poteau | F17: h | G17: = | H17: ='Zone critique'!$C$7*100 -> 160 | I17: cm | N17: 1.05
A18: Section des armatures tendues (Sup.) | F18: As | G18: = | H18: ='Zone critique'!$C$19 -> 9.05 | I18: cm² | K18: =IF((H18+H20)>4*H16*H17/100,"Revoir ferraillage >4% ","") | N18: 1.4000001
A19: Position cdg armatures tendues (Sup.) | F19: c | G19: = | H19: ='Zone critique'!$E$7 -> 2.5 | I19: cm | M19: Help? Calculer la section d'armatures à introduire
A20: Section des armatures comprimés (Inf.) | F20: Asc | G20: = | H20: ='Zone critique'!$C$19 -> 9.05 | I20: cm² | M20: 4 | N20: HA14 | O20: + | P20: 2 | Q20: HA12 | R20: + | S20: 0 | T20: HA16
A21: Position cdg Armatures comprimés (Inf.) | F21: d' | G21: = | H21: ='Zone critique'!$E$7 -> 2.5 | I21: cm | M21: =M20*VLOOKUP(N20,'CALCUL Mrd'!$C$49:$E$57,3,FALSE) -> 6.1575216 | P21: =P20*VLOOKUP(Q20,'CALCUL Mrd'!$C$49:$E$57,3,FALSE) -> 2.2619467 | S21: =S20*VLOOKUP(T20,'CALCUL Mrd'!$C$49:$E$57,3,FALSE) -> 0
A22: Contrainte de compression du béton | F22: fbu | G22: = | H22: =0.85*H7/H11/H10 -> 20.833333 | I22: Mpa | M22: =M21+P21+S21 -> 8.4194683
A23: Contrainte ultime de l'acier | F23: fsu | G23: = | H23: =H8/H12 -> 400 | I23: Mpa | N23: 3.1500001
N24: 3.5
A25: Analyse | N25: 3.8499999
N26: 4.1999998
N27: 4.5499997
N28: 4.9000001
N29: 5.25
N30: 5.6000004
N31: 5.9500003
N32: 6.3000002
N33: 6.6500001
N34: 7
A35: Résultats | N35: 9.0649996
N36: 10.5
A37: 1- Moment résistant ultime | N37: 14
A38: Mru = | B38: =IF(OR(H14<'CALCUL Mrd'!H32,H14>'CALCUL Mrd'!H33),"N/A",MAX('CALCUL Mrd'!S7:S85)) -> 981.90514 | N38: 17.5
N39: 19.25
A40: 2- Profondeur de l'axe neutre | N40: 21
A41: y = | B41: =IF(OR(H14<'CALCUL Mrd'!H32,H14>'CALCUL Mrd'!H33),"N/A",'CALCUL Mrd'!H37) -> 21.665046 | N41: 24.5
N42: 28
A43: 3- Le moment resistant correspond au | N43: 31.5
B44: =IF(OR(H14<'CALCUL Mrd'!H32,H14>'CALCUL Mrd'!H33),"N/A",'CALCUL Mrd'!H38) -> Pivot A | N44: 33.25
A45: =IF(OR(H14<'CALCUL Mrd'!H32,H14>'CALCUL Mrd'!H33),"N/A",'CALCUL Mrd'!H39) -> Section Partiellement Comprimée | N45: 35
N46: 35.700001
N47: 36.399998
N48: 37.099998
N49: 37.799999
N50: 38.150002
N51: 38.325001
N52: 38.5
N53: 38.850002
N54: 39.200001
N55: 39.549999
N56: 39.899998
N57: 40.25
... N82: 3500

Sheet CALCUL Mrd
J5: Domaine | K5: x (cm) | L5: es1 | M5: sigs1 | N5: es2 | O5: sigs2 | P5: Nu | Q5: Mu | R5: N-app | S5: Mur-cor | T5: x-cor
B6: Coefficient de durée de chargenent | I6: -100 | J6: =IF(K6<=0,"Domaine 1",IF(AND(K6>0,K6<=$H$16*$H$21/($H$21+$H$20)),"Domaine 2",IF(K6<=$H$23,"Domaine 3",IF(K6<=$H$16,"Domaine 4",IF(K6<=$H$11,"Domaine 4a","Domaine 5"))))) -> Domaine 1 | K6: =I6*$H$16 -> -157.5 | L6: =IF(K6<=0,"N/A",IF(K6<=$H$16*$H$21/($H$21+$H$20),"N/A",IF(K6<=$H$23,$H$21 * ($H$16 - K6) /K6,IF(K6<=$H$16,$H$21 * ($H$16 - K6) /K6,IF(K6<=$H$11,$H$21 * (K6-$H$16) /K6,$H$22 * (K6 - $H$16) / (K6 -$H$11 / 2)))))) -> N/A | M6: =IF(L6="N/A","N/A",IF(L6>=0,MIN(L6*$H$17,$H$19),MAX(L6*$H$17,-$H$19))) -> N/A | N6: =IF(K6<=0,$H$20*($H$15-K6)/($H$16-K6),IF(K6<=$H$16*$H$21/($H$21+$H$20),$H$20*(K6-$H$15)/($H$16-K6),IF(K6<=$H$23,$H$20*(K6-$H$15)/K6,IF(K6<=$H$16,$H$20*(K6-$H$15)/K6,IF(K6<=$H$11,$H$20*(K6-$H$15)/K6,$H$22 * (K6 - $H$15) / (K6 - $H$11 / 2)))))) -> 0.0099025617 | O6: =IF(N6>=0,MIN(N6*$H$17,$H$19),MAX(N6*$H$17,-$H$19)) -> 400 | P6: =1000*IF(K6<0,-H$14*(O6-0.8*H$18)-H$12*H$19,IF(K6<=H$16*H$21/(H$21+H$20),0.8*H$18*K6*H$10+H$14*(O6-0.8*H$18)-H$12*H$19,IF(K6<=H$23,0.8*H$18*K6*H$10+H$14*(O6-0.8*H$18)-H$12*M6,IF(K6<=H$16,0.8*H$18*K6*H$10+H$14*(O6-0.8*H$18)-H$12*M6,IF(K6<=H$11,0.8*H$18*K6*H$10+H$14*(O6-0.8*H$18)+H$12*M6,H$18*(1-(1-0.8)*H$11/K6)*H$11*H$10+H$14*(O6-0.8*H$18)+H$12*M6))))) -> -708.91667 | Q6: =1000*IF(K6<0,-H$14*(O6-0.8*H$18)*(H$11/2-H$15)-H$12*H$19*(H$11/2-H$16),IF(K6<=H$16*H$21/(H$21+H$20),0.8*H$18*K6*H$10*(H$11/2-0.8*K6/2)+H$14*(O6-0.8*H$18)*(H$11/2-H$15)-H$12*H$19*(H$11/2-H$16),IF(K6<=H$23,0.8*H$18*K6*H$10*(H$11/2-0.8*K6/2)+H$14*(O6-0.8*H$18)*(H$11/2-H$15)-H$12*M6*(H$11/2-H$16),IF(K6<=H$16,0.8*H$18*K6*H$10*(H$11/2-0.8*K6/2)+H$14*(O6-0.8*H$18)*(H$11/2-H$15)-H$12*M6*(H$11/2-H$16),IF(K6<=H$11,0.8*H$18*K6*H$10*(H$11/2-0.8*K6/2)+H$14*(O6-0.8*H$18)*(H$11/2-H$15)+H$12*M6*(H$11/2-H$16),H$18*(1-(1-0.8)*H$11/K6)*H$11*H$10*(H$11/2 -(1- (1-0.8)*H$11/K6)*H$11/2) + H$14*O6*(H$11/2-H$15)+H$12*M6*(H$11/2-H$16)))))) -> 11.689583 | R6: ='Moment resistant'!$H$14 -> 600.51
B7: 1 | C7: > 24h | I7: -10 | J7: =IF(K7<=0,"Domaine 1",IF(AND(K7>0,K7<=$H$16*$H$21/($H$21+$H$20)),"Domaine 2",IF(K7<=$H$23,"Domaine 3",IF(K7<=$H$16,"Domaine 4",IF(K7<=$H$11,"Domaine 4a","Domaine 5"))))) -> Domaine 1 | K7: =I7*$H$16 -> -15.75 | L7: =IF(K7<=0,"N/A",IF(K7<=$H$16*$H$21/($H$21+$H$20),"N/A",IF(K7<=$H$23,$H$21 * ($H$16 - K7) /K7,IF(K7<=$H$16,$H$21 * ($H$16 - K7) /K7,IF(K7<=$H$11,$H$21 * (K7-$H$16) /K7,$H$22 * (K7 - $H$16) / (K7 -$H$11 / 2)))))) -> N/A | M7: =IF(L7="N/A","N/A",IF(L7>=0,MIN(L7*$H$17,$H$19),MAX(L7*$H$17,-$H$19))) -> N/A | N7: =IF(K7<=0,$H$20*($H$15-K7)/($H$16-K7),IF(K7<=$H$16*$H$21/($H$21+$H$20),$H$20*(K7-$H$15)/($H$16-K7),IF(K7<=$H$23,$H$20*(K7-$H$15)/K7,IF(K7<=$H$16,$H$20*(K7-$H$15)/K7,IF(K7<=$H$11,$H$20*(K7-$H$15)/K7,$H$22 * (K7 - $H$15) / (K7 - $H$11 / 2)))))) -> 0.0091053391 | O7: =IF(N7>=0,MIN(N7*$H$17,$H$19),MAX(N7*$H$17,-$H$19)) -> 400 | P7: =1000*IF(K7<0,-H$14*(O7-0.8*H$18)-H$12*H$19,IF(K7<=H$16*H$21/(H$21+H$20),0.8*H$18*K7*H$10+H$14*(O7-0.8*H$18)-H$12*H$19,IF(K7<=H$23,0.8*H$18*K7*H$10+H$14*(O7-0.8*H$18)-H$12*M7,IF(K7<=H$16,0.8*H$18*K7*H$10+H$14*(O7-0.8*H$18)-H$12*M7,IF(K7<=H$11,0.8*H$18*K7*H$10+H$14*(O7-0.8*H$18)+H$12*M7,H$18*(1-(1-0.8)*H$11/K7)*H$11*H$10+H$14*(O7-0.8*H$18)+H$12*M7))))) -> -708.91667 | Q7: =1000*IF(K7<0,-H$14*(O7-0.8*H$18)*(H$11/2-H$15)-H$12*H$19*(H$11/2-H$16),IF(K7<=H$16*H$21/(H$21+H$20),0.8*H$18*K7*H$10*(H$11/2-0.8*K7/2)+H$14*(O7-0.8*H$18)*(H$11/2-H$15)-H$12*H$19*(H$11/2-H$16),IF(K7<=H$23,0.8*H$18*K7*H$10*(H$11/2-0.8*K7/2)+H$14*(O7-0.8*H$18)*(H$11/2-H$15)-H$12*M7*(H$11/2-H$16),IF(K7<=H$16,0.8*H$18*K7*H$10*(H$11/2-0.8*K7/2)+H$14*(O7-0.8*H$18)*(H$11/2-H$15)-H$12*M7*(H$11/2-H$16),IF(K7<=H$11,0.8*H$18*K7*H$10*(H$11/2-0.8*K7/2)+H$14*(O7-0.8*H$18)*(H$11/2-H$15)+H$12*M7*(H$11/2-H$16),H$18*(1-(1-0.8)*H$11/K7)*H$11*H$10*(H$11/2 -(1- (1-0.8)*H$11/K7)*H$11/2) + H$14*O7*(H$11/2-H$15)+H$12*M7*(H$11/2-H$16)))))) -> 11.689583 | R7: ='Moment resistant'!$H$14 -> 600.51 | S7: =IF(OR(AND(P7>=R7,P6<=R7),AND(P7<=R7,P6>=R7)),Q7+(Q6-Q7)*(P7-R7)/(P7-P6),"") | T7: =IF(OR(AND(P7>=R7,P6<=R7),AND(P7<=R7,P6>=R7)),K7+(K6-K7)*(P7-R7)/(P7-P6),"")
B8: 0.9 | C8: 1h<…< 24h | I8: -1 | J8: =IF(K8<=0,"Domaine 1",IF(AND(K8>0,K8<=$H$16*$H$21/($H$21+$H$20)),"Domaine 2",IF(K8<=$H$23,"Domaine 3",IF(K8<=$H$16,"Domaine 4",IF(K8<=$H$11,"Domaine 4a","Domaine 5"))))) -> Domaine 1 | K8: =I8*$H$16 -> -1.575 | L8: =IF(K8<=0,"N/A",IF(K8<=$H$16*$H$21/($H$21+$H$20),"N/A",IF(K8<=$H$23,$H$21 * ($H$16 - K8) /K8,IF(K8<=$H$16,$H$21 * ($H$16 - K8) /K8,IF(K8<=$H$11,$H$21 * (K8-$H$16) /K8,$H$22 * (K8 - $H$16) / (K8 -$H$11 / 2)))))) -> N/A | M8: =IF(L8="N/A","N/A",IF(L8>=0,MIN(L8*$H$17,$H$19),MAX(L8*$H$17,-$H$19))) -> N/A | N8: =IF(K8<=0,$H$20*($H$15-K8)/($H$16-K8),IF(K8<=$H$16*$H$21/($H$21+$H$20),$H$20*(K8-$H$15)/($H$16-K8),IF(K8<=$H$23,$H$20*(K8-$H$15)/K8,IF(K8<=$H$16,$H$20*(K8-$H$15)/K8,IF(K8<=$H$11,$H$20*(K8-$H$15)/K8,$H$22 * (K8 - $H$15) / (K8 - $H$11 / 2)))))) -> 0.0050793651 | O8: =IF(N8>=0,MIN(N8*$H$17,$H$19),MAX(N8*$H$17,-$H$19)) -> 400 | P8: =1000*IF(K8<0,-H$14*(O8-0.8*H$18)-H$12*H$19,IF(K8<=H$16*H$21/(H$21+H$20),0.8*H$18*K8*H$10+H$14*(O8-0.8*H$18)-H$12*H$19,IF(K8<=H$23,0.8*H$18*K8*H$10+H$14*(O8-0.8*H$18)-H$12*M8,IF(K8<=H$16,0.8*H$18*K8*H$10+H$14*(O8-0.8*H$18)-H$12*M8,IF(K8<=H$11,0.8*H$18*K8*H$10+H$14*(O8-0.8*H$18)+H$12*M8,H$18*(1-(1-0.8)*H$11/K8)*H$11*H$10+H$14*(O8-0.8*H$18)+H$12*M8))))) -> -708.91667 | Q8: =1000*IF(K8<0,-H$14*(O8-0.8*H$18)*(H$11/2-H$15)-H$12*H$19*(H$11/2-H$16),IF(K8<=H$16*H$21/(H$21+H$20),0.8*H$18*K8*H$10*(H$11/2-0.8*K8/2)+H$14*(O8-0.8*H$18)*(H$11/2-H$15)-H$12*H$19*(H$11/2-H$16),IF(K8<=H$23,0.8*H$18*K8*H$10*(H$11/2-0.8*K8/2)+H$14*(O8-0.8*H$18)*(H$11/2-H$15)-H$12*M8*(H$11/2-H$16),IF(K8<=H$16,0.8*H$18*K8*H$10*(H$11/2-0.8*K8/2)+H$14*(O8-0.8*H$18)*(H$11/2-H$15)-H$12*M8*(H$11/2-H$16),IF(K8<=H$11,0.8*H$18*K8*H$10*(H$11/2-0.8*K8/2)+H$14*(O8-0.8*H$18)*(H$11/2-H$15)+H$12*M8*(H$11/2-H$16),H$18*(1-(1-0.8)*H$11/K8)*H$11*H$10*(H$11/2 -(1- (1-0.8)*H$11/K8)*H$11/2) + H$14*O8*(H$11/2-H$15)+H$12*M8*(H$11/2-H$16)))))) -> 11.689583 | R8: ='Moment resistant'!$H$14 -> 600.51 | S8: =IF(OR(AND(P8>=R8,P7<=R8),AND(P8<=R8,P7>=R8)),Q8+(Q7-Q8)*(P8-R8)/(P8-P7),"") | T8: =IF(OR(AND(P8>=R8,P7<=R8),AND(P8<=R8,P7>=R8)),K8+(K7-K8)*(P8-R8)/(P8-P7),"")
B9: 0.85 | C9: < 1h | I9: -0.9 | J9: =IF(K9<=0,"Domaine 1",IF(AND(K9>0,K9<=$H$16*$H$21/($H$21+$H$20)),"Domaine 2",IF(K9<=$H$23,"Domaine 3",IF(K9<=$H$16,"Domaine 4",IF(K9<=$H$11,"Domaine 4a","Domaine 5"))))) -> Domaine 1 | K9: =I9*$H$16 -> -1.4175 | L9: =IF(K9<=0,"N/A",IF(K9<=$H$16*$H$21/($H$21+$H$20),"N/A",IF(K9<=$H$23,$H$21 * ($H$16 - K9) /K9,IF(K9<=$H$16,$H$21 * ($H$16 - K9) /K9,IF(K9<=$H$11,$H$21 * (K9-$H$16) /K9,$H$22 * (K9 - $H$16) / (K9 -$H$11 / 2)))))) -> N/A | M9: =IF(L9="N/A","N/A",IF(L9>=0,MIN(L9*$H$17,$H$19),MAX(L9*$H$17,-$H$19))) -> N/A | N9: =IF(K9<=0,$H$20*($H$15-K9)/($H$16-K9),IF(K9<=$H$16*$H$21/($H$21+$H$20),$H$20*(K9-$H$15)/($H$16-K9),IF(K9<=$H$23,$H$20*(K9-$H$15)/K9,IF(K9<=$H$16,$H$20*(K9-$H$15)/K9,IF(K9<=$H$11,$H$20*(K9-$H$15)/K9,$H$22 * (K9 - $H$15) / (K9 - $H$11 / 2)))))) -> 0.0048203843 | O9: =IF(N9>=0,MIN(N9*$H$17,$H$19),MAX(N9*$H$17,-$H$19)) -> 400 | P9: =1000*IF(K9<0,-H$14*(O9-0.8*H$18)-H$12*H$19,IF(K9<=H$16*H$21/(H$21+H$20),0.8*H$18*K9*H$10+H$14*(O9-0.8*H$18)-H$12*H$19,IF(K9<=H$23,0.8*H$18*K9*H$10+H$14*(O9-0.8*H$18)-H$12*M9,IF(K9<=H$16,0.8*H$18*K9*H$10+H$14*(O9-0.8*H$18)-H$12*M9,IF(K9<=H$11,0.8*H$18*K9*H$10+H$14*(O9-0.8*H$18)+H$12*M9,H$18*(1-(1-0.8)*H$11/K9)*H$11*H$10+H$14*(O9-0.8*H$18)+H$12*M9))))) -> -708.91667 | Q9: =1000*IF(K9<0,-H$14*(O9-0.8*H$18)*(H$11/2-H$15)-H$12*H$19*(H$11/2-H$16),IF(K9<=H$16*H$21/(H$21+H$20),0.8*H$18*K9*H$10*(H$11/2-0.8*K9/2)+H$14*(O9-0.8*H$18)*(H$11/2-H$15)-H$12*H$19*(H$11/2-H$16),IF(K9<=H$23,0.8*H$18*K9*H$10*(H$11/2-0.8*K9/2)+H$14*(O9-0.8*H$18)*(H$11/2-H$15)-H$12*M9*(H$11/2-H$16),IF(K9<=H$16,0.8*H$18*K9*H$10*(H$11/2-0.8*K9/2)+H$14*(O9-0.8*H$18)*(H$11/2-H$15)-H$12*M9*(H$11/2-H$16),IF(K9<=H$11,0.8*H$18*K9*H$10*(H$11/2-0.8*K9/2)+H$14*(O9-0.8*H$18)*(H$11/2-H$15)+H$12*M9*(H$11/2-H$16),H$18*(1-(1-0.8)*H$11/K9)*H$11*H$10*(H$11/2 -(1- (1-0.8)*H$11/K9)*H$11/2) + H$14*O9*(H$11/2-H$15)+H$12*M9*(H$11/2-H$16)))))) -> 11.689583 | R9: ='Moment resistant'!$H$14 -> 600.51 | S9: =IF(OR(AND(P9>=R9,P8<=R9),AND(P9<=R9,P8>=R9)),Q9+(Q8-Q9)*(P9-R9)/(P9-P8),"") | T9: =IF(OR(AND(P9>=R9,P8<=R9),AND(P9<=R9,P8>=R9)),K9+(K8-K9)*(P9-R9)/(P9-P8),"")
G10: b = | H10: ='Moment resistant'!$H$16/100 -> 0.2 | I10: -0.8 | J10: =IF(K10<=0,"Domaine 1",IF(AND(K10>0,K10<=$H$16*$H$21/($H$21+$H$20)),"Domaine 2",IF(K10<=$H$23,"Domaine 3",IF(K10<=$H$16,"Domaine 4",IF(K10<=$H$11,"Domaine 4a","Domaine 5"))))) -> Domaine 1 | K10: =I10*$H$16 -> -1.26 | L10: =IF(K10<=0,"N/A",IF(K10<=$H$16*$H$21/($H$21+$H$20),"N/A",IF(K10<=$H$23,$H$21 * ($H$16 - K10) /K10,IF(K10<=$H$16,$H$21 * ($H$16 - K10) /K10,IF(K10<=$H$11,$H$21 * (K10-$H$16) /K10,$H$22 * (K10 - $H$16) / (K10 -$H$11 / 2)))))) -> N/A | M10: =IF(L10="N/A","N/A",IF(L10>=0,MIN(L10*$H$17,$H$19),MAX(L10*$H$17,-$H$19))) -> N/A | N10: =IF(K10<=0,$H$20*($H$15-K10)/($H$16-K10),IF(K10<=$H$16*$H$21/($H$21+$H$20),$H$20*(K10-$H$15)/($H$16-K10),IF(K10<=$H$23,$H$20*(K10-$H$15)/K10,IF(K10<=$H$16,$H$20*(K10-$H$15)/K10,IF(K10<=$H$11,$H$20*(K10-$H$15)/K10,$H$22 * (K10 - $H$15) / (K10 - $H$11 / 2)))))) -> 0.0045326279 | O10: =IF(N10>=0,MIN(N10*$H$17,$H$19),MAX(N10*$H$17,-$H$19)) -> 400 | P10: =1000*IF(K10<0,-H$14*(O10-0.8*H$18)-H$12*H$19,IF(K10<=H$16*H$21/(H$21+H$20),0.8*H$18*K10*H$10+H$14*(O10-0.8*H$18)-H$12*H$19,IF(K10<=H$23,0.8*H$18*K10*H$10+H$14*(O10-0.8*H$18)-H$12*M10,IF(K10<=H$16,0.8*H$18*K10*H$10+H$14*(O10-0.8*H$18)-H$12*M10,IF(K10<=H$11,0.8*H$18*K10*H$10+H$14*(O10-0.8*H$18)+H$12*M10,H$18*(1-(1-0.8)*H$11/K10)*H$11*H$10+H$14*(O10-0.8*H$18)+H$12*M10))))) -> -708.91667 | Q10: =1000*IF(K10<0,-H$14*(O10-0.8*H$18)*(H$11/2-H$15)-H$12*H$19*(H$11/2-H$16),IF(K10<=H$16*H$21/(H$21+H$20),0.8*H$18*K10*H$10*(H$11/2-0.8*K10/2)+H$14*(O10-0.8*H$18)*(H$11/2-H$15)-H$12*H$19*(H$11/2-H$16),IF(K10<=H$23,0.8*H$18*K10*H$10*(H$11/2-0.8*K10/2)+H$14*(O10-0.8*H$18)*(H$11/2-H$15)-H$12*M10*(H$11/2-H$16),IF(K10<=H$16,0.8*H$18*K10*H$10*(H$11/2-0.8*K10/2)+H$14*(O10-0.8*H$18)*(H$11/2-H$15)-H$12*M10*(H$11/2-H$16),IF(K10<=H$11,0.8*H$18*K10*H$10*(H$11/2-0.8*K10/2)+H$14*(O10-0.8*H$18)*(H$11/2-H$15)+H$12*M10*(H$11/2-H$16),H$18*(1-(1-0.8)*H$11/K10)*H$11*H$10*(H$11/2 -(1- (1-0.8)*H$11/K10)*H$11/2) + H$14*O10*(H$11/2-H$15)+H$12*M10*(H$11/2-H$16)))))) -> 11.689583 | R10: ='Moment resistant'!$H$14 -> 600.51 | S10: =IF(OR(AND(P10>=R10,P9<=R10),AND(P10<=R10,P9>=R10)),Q10+(Q9-Q10)*(P10-R10)/(P10-P9),"") | T10: =IF(OR(AND(P10>=R10,P9<=R10),AND(P10<=R10,P9>=R10)),K10+(K9-K10)*(P10-R10)/(P10-P9),"")
B11: Coefficient de sécurite - Béton | G11: h = | H11: ='Moment resistant'!$H$17/100 -> 1.6 | I11: -0.7 | J11: =IF(K11<=0,"Domaine 1",IF(AND(K11>0,K11<=$H$16*$H$21/($H$21+$H$20)),"Domaine 2",IF(K11<=$H$23,"Domaine 3",IF(K11<=$H$16,"Domaine 4",IF(K11<=$H$11,"Domaine 4a","Domaine 5"))))) -> Domaine 1 | K11: =I11*$H$16 -> -1.1025 | L11: =IF(K11<=0,"N/A",IF(K11<=$H$16*$H$21/($H$21+$H$20),"N/A",IF(K11<=$H$23,$H$21 * ($H$16 - K11) /K11,IF(K11<=$H$16,$H$21 * ($H$16 - K11) /K11,IF(K11<=$H$11,$H$21 * (K11-$H$16) /K11,$H$22 * (K11 - $H$16) / (K11 -$H$11 / 2)))))) -> N/A | M11: =IF(L11="N/A","N/A",IF(L11>=0,MIN(L11*$H$17,$H$19),MAX(L11*$H$17,-$H$19))) -> N/A | N11: =IF(K11<=0,$H$20*($H$15-K11)/($H$16-K11),IF(K11<=$H$16*$H$21/($H$21+$H$20),$H$20*(K11-$H$15)/($H$16-K11),IF(K11<=$H$23,$H$20*(K11-$H$15)/K11,IF(K11<=$H$16,$H$20*(K11-$H$15)/K11,IF(K11<=$H$11,$H$20*(K11-$H$15)/K11,$H$22 * (K11 - $H$15) / (K11 - $H$11 / 2)))))) -> 0.0042110177 | O11: =IF(N11>=0,MIN(N11*$H$17,$H$19),MAX(N11*$H$17,-$H$19)) -> 400 | P11: =1000*IF(K11<0,-H$14*(O11-0.8*H$18)-H$12*H$19,IF(K11<=H$16*H$21/(H$21+H$20),0.8*H$18*K11*H$10+H$14*(O11-0.8*H$18)-H$12*H$19,IF(K11<=H$23,0.8*H$18*K11*H$10+H$14*(O11-0.8*H$18)-H$12*M11,IF(K11<=H$16,0.8*H$18*K11*H$10+H$14*(O11-0.8*H$18)-H$12*M11,IF(K11<=H$11,0.8*H$18*K11*H$10+H$14*(O11-0.8*H$18)+H$12*M11,H$18*(1-(1-0.8)*H$11/K11)*H$11*H$10+H$14*(O11-0.8*H$18)+H$12*M11))))) -> -708.91667 | Q11: =1000*IF(K11<0,-H$14*(O11-0.8*H$18)*(H$11/2-H$15)-H$12*H$19*(H$11/2-H$16),IF(K11<=H$16*H$21/(H$21+H$20),0.8*H$18*K11*H$10*(H$11/2-0.8*K11/2)+H$14*(O11-0.8*H$18)*(H$11/2-H$15)-H$12*H$19*(H$11/2-H$16),IF(K11<=H$23,0.8*H$18*K11*H$10*(H$11/2-0.8*K11/2)+H$14*(O11-0.8*H$18)*(H$11/2-H$15)-H$12*M11*(H$11/2-H$16),IF(K11<=H$16,0.8*H$18*K11*H$10*(H$11/2-0.8*K11/2)+H$14*(O11-0.8*H$18)*(H$11/2-H$15)-H$12*M11*(H$11/2-H$16),IF(K11<=H$11,0.8*H$18*K11*H$10*(H$11/2-0.8*K11/2)+H$14*(O11-0.8*H$18)*(H$11/2-H$15)+H$12*M11*(H$11/2-H$16),H$18*(1-(1-0.8)*H$11/K11)*H$11*H$10*(H$11/2 -(1- (1-0.8)*H$11/K11)*H$11/2) + H$14*O11*(H$11/2-H$15)+H$12*M11*(H$11/2-H$16)))))) -> 11.689583 | R11: ='Moment resistant'!$H$14 -> 600.51 | S11: =IF(OR(AND(P11>=R11,P10<=R11),AND(P11<=R11,P10>=R11)),Q11+(Q10-Q11)*(P11-R11)/(P11-P10),"") | T11: =IF(OR(AND(P11>=R11,P10<=R11),AND(P11<=R11,P10>=R11)),K11+(K10-K11)*(P11-R11)/(P11-P10),"")
B12: 1.5 | G12: As1 = | H12: =0.0001*'Moment resistant'!$H$18 -> 0.000905 | I12: -0.6 | J12: =IF(K12<=0,"Domaine 1",IF(AND(K12>0,K12<=$H$16*$H$21/($H$21+$H$20)),"Domaine 2",IF(K12<=$H$23,"Domaine 3",IF(K12<=$H$16,"Domaine 4",IF(K12<=$H$11,"Domaine 4a","Domaine 5"))))) -> Domaine 1 | K12: =I12*$H$16 -> -0.945 | L12: =IF(K12<=0,"N/A",IF(K12<=$H$16*$H$21/($H$21+$H$20),"N/A",IF(K12<=$H$23,$H$21 * ($H$16 - K12) /K12,IF(K12<=$H$16,$H$21 * ($H$16 - K12) /K12,IF(K12<=$H$11,$H$21 * (K12-$H$16) /K12,$H$22 * (K12 - $H$16) / (K12 -$H$11 / 2)))))) -> N/A | M12: =IF(L12="N/A","N/A",IF(L12>=0,MIN(L12*$H$17,$H$19),MAX(L12*$H$17,-$H$19))) -> N/A | N12: =IF(K12<=0,$H$20*($H$15-K12)/($H$16-K12),IF(K12<=$H$16*$H$21/($H$21+$H$20),$H$20*(K12-$H$15)/($H$16-K12),IF(K12<=$H$23,$H$20*(K12-$H$15)/K12,IF(K12<=$H$16,$H$20*(K12-$H$15)/K12,IF(K12<=$H$11,$H$20*(K12-$H$15)/K12,$H$22 * (K12 - $H$15) / (K12 - $H$11 / 2)))))) -> 0.0038492063 | O12: =IF(N12>=0,MIN(N12*$H$17,$H$19),MAX(N12*$H$17,-$H$19)) -> 400 | P12: =1000*IF(K12<0,-H$14*(O12-0.8*H$18)-H$12*H$19,IF(K12<=H$16*H$21/(H$21+H$20),0.8*H$18*K12*H$10+H$14*(O12-0.8*H$18)-H$12*H$19,IF(K12<=H$23,0.8*H$18*K12*H$10+H$14*(O12-0.8*H$18)-H$12*M12,IF(K12<=H$16,0.8*H$18*K12*H$10+H$14*(O12-0.8*H$18)-H$12*M12,IF(K12<=H$11,0.8*H$18*K12*H$10+H$14*(O12-0.8*H$18)+H$12*M12,H$18*(1-(1-0.8)*H$11/K12)*H$11*H$10+H$14*(O12-0.8*H$18)+H$12*M12))))) -> -708.91667 | Q12: =1000*IF(K12<0,-H$14*(O12-0.8*H$18)*(H$11/2-H$15)-H$12*H$19*(H$11/2-H$16),IF(K12<=H$16*H$21/(H$21+H$20),0.8*H$18*K12*H$10*(H$11/2-0.8*K12/2)+H$14*(O12-0.8*H$18)*(H$11/2-H$15)-H$12*H$19*(H$11/2-H$16),IF(K12<=H$23,0.8*H$18*K12*H$10*(H$11/2-0.8*K12/2)+H$14*(O12-0.8*H$18)*(H$11/2-H$15)-H$12*M12*(H$11/2-H$16),IF(K12<=H$16,0.8*H$18*K12*H$10*(H$11/2-0.8*K12/2)+H$14*(O12-0.8*H$18)*(H$11/2-H$15)-H$12*M12*(H$11/2-H$16),IF(K12<=H$11,0.8*H$18*K12*H$10*(H$11/2-0.8*K12/2)+H$14*(O12-0.8*H$18)*(H$11/2-H$15)+H$12*M12*(H$11/2-H$16),H$18*(1-(1-0.8)*H$11/K12)*H$11*H$10*(H$11/2 -(1- (1-0.8)*H$11/K12)*H$11/2) + H$14*O12*(H$11/2-H$15)+H$12*M12*(H$11/2-H$16)))))) -> 11.689583 | R12: ='Moment resistant'!$H$14 -> 600.51 | S12: =IF(OR(AND(P12>=R12,P11<=R12),AND(P12<=R12,P11>=R12)),Q12+(Q11-Q12)*(P12-R12)/(P12-P11),"") | T12: =IF(OR(AND(P12>=R12,P11<=R12),AND(P12<=R12,P11>=R12)),K12+(K11-K12)*(P12-R12)/(P12-P11),"")
B13: 1.2 | G13: c = | H13: =0.01*'Moment resistant'!$H$19 -> 0.025 | I13: -0.5 | J13: =IF(K13<=0,"Domaine 1",IF(AND(K13>0,K13<=$H$16*$H$21/($H$21+$H$20)),"Domaine 2",IF(K13<=$H$23,"Domaine 3",IF(K13<=$H$16,"Domaine 4",IF(K13<=$H$11,"Domaine 4a","Domaine 5"))))) -> Domaine 1 | K13: =I13*$H$16 -> -0.7875 | L13: =IF(K13<=0,"N/A",IF(K13<=$H$16*$H$21/($H$21+$H$20),"N/A",IF(K13<=$H$23,$H$21 * ($H$16 - K13) /K13,IF(K13<=$H$16,$H$21 * ($H$16 - K13) /K13,IF(K13<=$H$11,$H$21 * (K13-$H$16) /K13,$H$22 * (K13 - $H$16) / (K13 -$H$11 / 2)))))) -> N/A | M13: =IF(L13="N/A","N/A",IF(L13>=0,MIN(L13*$H$17,$H$19),MAX(L13*$H$17,-$H$19))) -> N/A | N13: =IF(K13<=0,$H$20*($H$15-K13)/($H$16-K13),IF(K13<=$H$16*$H$21/($H$21+$H$20),$H$20*(K13-$H$15)/($H$16-K13),IF(K13<=$H$23,$H$20*(K13-$H$15)/K13,IF(K13<=$H$16,$H$20*(K13-$H$15)/K13,IF(K13<=$H$11,$H$20*(K13-$H$15)/K13,$H$22 * (K13 - $H$15) / (K13 - $H$11 / 2)))))) -> 0.0034391534 | O13: =IF(N13>=0,MIN(N13*$H$17,$H$19),MAX(N13*$H$17,-$H$19)) -> 400 | P13: =1000*IF(K13<0,-H$14*(O13-0.8*H$18)-H$12*H$19,IF(K13<=H$16*H$21/(H$21+H$20),0.8*H$18*K13*H$10+H$14*(O13-0.8*H$18)-H$12*H$19,IF(K13<=H$23,0.8*H$18*K13*H$10+H$14*(O13-0.8*H$18)-H$12*M13,IF(K13<=H$16,0.8*H$18*K13*H$10+H$14*(O13-0.8*H$18)-H$12*M13,IF(K13<=H$11,0.8*H$18*K13*H$10+H$14*(O13-0.8*H$18)+H$12*M13,H$18*(1-(1-0.8)*H$11/K13)*H$11*H$10+H$14*(O13-0.8*H$18)+H$12*M13))))) -> -708.91667 | Q13: =1000*IF(K13<0,-H$14*(O13-0.8*H$18)*(H$11/2-H$15)-H$12*H$19*(H$11/2-H$16),IF(K13<=H$16*H$21/(H$21+H$20),0.8*H$18*K13*H$10*(H$11/2-0.8*K13/2)+H$14*(O13-0.8*H$18)*(H$11/2-H$15)-H$12*H$19*(H$11/2-H$16),IF(K13<=H$23,0.8*H$18*K13*H$10*(H$11/2-0.8*K13/2)+H$14*(O13-0.8*H$18)*(H$11/2-H$15)-H$12*M13*(H$11/2-H$16),IF(K13<=H$16,0.8*H$18*K13*H$10*(H$11/2-0.8*K13/2)+H$14*(O13-0.8*H$18)*(H$11/2-H$15)-H$12*M13*(H$11/2-H$16),IF(K13<=H$11,0.8*H$18*K13*H$10*(H$11/2-0.8*K13/2)+H$14*(O13-0.8*H$18)*(H$11/2-H$15)+H$12*M13*(H$11/2-H$16),H$18*(1-(1-0.8)*H$11/K13)*H$11*H$10*(H$11/2 -(1- (1-0.8)*H$11/K13)*H$11/2) + H$14*O13*(H$11/2-H$15)+H$12*M13*(H$11/2-H$16)))))) -> 11.689583 | R13: ='Moment resistant'!$H$14 -> 600.51 | S13: =IF(OR(AND(P13>=R13,P12<=R13),AND(P13<=R13,P12>=R13)),Q13+(Q12-Q13)*(P13-R13)/(P13-P12),"") | T13: =IF(OR(AND(P13>=R13,P12<=R13),AND(P13<=R13,P12>=R13)),K13+(K12-K13)*(P13-R13)/(P13-P12),"")
G14: As2 = | H14: =0.0001*'Moment resistant'!$H$20 -> 0.000905 | I14: -0.4 | J14: =IF(K14<=0,"Domaine 1",IF(AND(K14>0,K14<=$H$16*$H$21/($H$21+$H$20)),"Domaine 2",IF(K14<=$H$23,"Domaine 3",IF(K14<=$H$16,"Domaine 4",IF(K14<=$H$11,"Domaine 4a","Domaine 5"))))) -> Domaine 1 | K14: =I14*$H$16 -> -0.63 | L14: =IF(K14<=0,"N/A",IF(K14<=$H$16*$H$21/($H$21+$H$20),"N/A",IF(K14<=$H$23,$H$21 * ($H$16 - K14) /K14,IF(K14<=$H$16,$H$21 * ($H$16 - K14) /K14,IF(K14<=$H$11,$H$21 * (K14-$H$16) /K14,$H$22 * (K14 - $H$16) / (K14 -$H$11 / 2)))))) -> N/A | M14: =IF(L14="N/A","N/A",IF(L14>=0,MIN(L14*$H$17,$H$19),MAX(L14*$H$17,-$H$19))) -> N/A | N14: =IF(K14<=0,$H$20*($H$15-K14)/($H$16-K14),IF(K14<=$H$16*$H$21/($H$21+$H$20),$H$20*(K14-$H$15)/($H$16-K14),IF(K14<=$H$23,$H$20*(K14-$H$15)/K14,IF(K14<=$H$16,$H$20*(K14-$H$15)/K14,IF(K14<=$H$11,$H$20*(K14-$H$15)/K14,$H$22 * (K14 - $H$15) / (K14 - $H$11 / 2)))))) -> 0.0029705215 | O14: =IF(N14>=0,MIN(N14*$H$17,$H$19),MAX(N14*$H$17,-$H$19)) -> 400 | P14: =1000*IF(K14<0,-H$14*(O14-0.8*H$18)-H$12*H$19,IF(K14<=H$16*H$21/(H$21+H$20),0.8*H$18*K14*H$10+H$14*(O14-0.8*H$18)-H$12*H$19,IF(K14<=H$23,0.8*H$18*K14*H$10+H$14*(O14-0.8*H$18)-H$12*M14,IF(K14<=H$16,0.8*H$18*K14*H$10+H$14*(O14-0.8*H$18)-H$12*M14,IF(K14<=H$11,0.8*H$18*K14*H$10+H$14*(O14-0.8*H$18)+H$12*M14,H$18*(1-(1-0.8)*H$11/K14)*H$11*H$10+H$14*(O14-0.8*H$18)+H$12*M14))))) -> -708.91667 | Q14: =1000*IF(K14<0,-H$14*(O14-0.8*H$18)*(H$11/2-H$15)-H$12*H$19*(H$11/2-H$16),IF(K14<=H$16*H$21/(H$21+H$20),0.8*H$18*K14*H$10*(H$11/2-0.8*K14/2)+H$14*(O14-0.8*H$18)*(H$11/2-H$15)-H$12*H$19*(H$11/2-H$16),IF(K14<=H$23,0.8*H$18*K14*H$10*(H$11/2-0.8*K14/2)+H$14*(O14-0.8*H$18)*(H$11/2-H$15)-H$12*M14*(H$11/2-H$16),IF(K14<=H$16,0.8*H$18*K14*H$10*(H$11/2-0.8*K14/2)+H$14*(O14-0.8*H$18)*(H$11/2-H$15)-H$12*M14*(H$11/2-H$16),IF(K14<=H$11,0.8*H$18*K14*H$10*(H$11/2-0.8*K14/2)+H$14*(O14-0.8*H$18)*(H$11/2-H$15)+H$12*M14*(H$11/2-H$16),H$18*(1-(1-0.8)*H$11/K14)*H$11*H$10*(H$11/2 -(1- (1-0.8)*H$11/K14)*H$11/2) + H$14*O14*(H$11/2-H$15)+H$12*M14*(H$11/2-H$16)))))) -> 11.689583 | R14: ='Moment resistant'!$H$14 -> 600.51 | S14: =IF(OR(AND(P14>=R14,P13<=R14),AND(P14<=R14,P13>=R14)),Q14+(Q13-Q14)*(P14-R14)/(P14-P13),"") | T14: =IF(OR(AND(P14>=R14,P13<=R14),AND(P14<=R14,P13>=R14)),K14+(K13-K14)*(P14-R14)/(P14-P13),"")
B15: Coefficient de sécurite - Acier | G15: Cs = | H15: =0.01*'Moment resistant'!$H$21 -> 0.025 | I15: -0.3 | J15: =IF(K15<=0,"Domaine 1",IF(AND(K15>0,K15<=$H$16*$H$21/($H$21+$H$20)),"Domaine 2",IF(K15<=$H$23,"Domaine 3",IF(K15<=$H$16,"Domaine 4",IF(K15<=$H$11,"Domaine 4a","Domaine 5"))))) -> Domaine 1 | K15: =I15*$H$16 -> -0.4725 | L15: =IF(K15<=0,"N/A",IF(K15<=$H$16*$H$21/($H$21+$H$20),"N/A",IF(K15<=$H$23,$H$21 * ($H$16 - K15) /K15,IF(K15<=$H$16,$H$21 * ($H$16 - K15) /K15,IF(K15<=$H$11,$H$21 * (K15-$H$16) /K15,$H$22 * (K15 - $H$16) / (K15 -$H$11 / 2)))))) -> N/A | M15: =IF(L15="N/A","N/A",IF(L15>=0,MIN(L15*$H$17,$H$19),MAX(L15*$H$17,-$H$19))) -> N/A | N15: =IF(K15<=0,$H$20*($H$15-K15)/($H$16-K15),IF(K15<=$H$16*$H$21/($H$21+$H$20),$H$20*(K15-$H$15)/($H$16-K15),IF(K15<=$H$23,$H$20*(K15-$H$15)/K15,IF(K15<=$H$16,$H$20*(K15-$H$15)/K15,IF(K15<=$H$11,$H$20*(K15-$H$15)/K15,$H$22 * (K15 - $H$15) / (K15 - $H$11 / 2)))))) -> 0.0024297924 | O15: =IF(N15>=0,MIN(N15*$H$17,$H$19),MAX(N15*$H$17,-$H$19)) -> 400 | P15: =1000*IF(K15<0,-H$14*(O15-0.8*H$18)-H$12*H$19,IF(K15<=H$16*H$21/(H$21+H$20),0.8*H$18*K15*H$10+H$14*(O15-0.8*H$18)-H$12*H$19,IF(K15<=H$23,0.8*H$18*K15*H$10+H$14*(O15-0.8*H$18)-H$12*M15,IF(K15<=H$16,0.8*H$18*K15*H$10+H$14*(O15-0.8*H$18)-H$12*M15,IF(K15<=H$11,0.8*H$18*K15*H$10+H$14*(O15-0.8*H$18)+H$12*M15,H$18*(1-(1-0.8)*H$11/K15)*H$11*H$10+H$14*(O15-0.8*H$18)+H$12*M15))))) -> -708.91667 | Q15: =1000*IF(K15<0,-H$14*(O15-0.8*H$18)*(H$11/2-H$15)-H$12*H$19*(H$11/2-H$16),IF(K15<=H$16*H$21/(H$21+H$20),0.8*H$18*K15*H$10*(H$11/2-0.8*K15/2)+H$14*(O15-0.8*H$18)*(H$11/2-H$15)-H$12*H$19*(H$11/2-H$16),IF(K15<=H$23,0.8*H$18*K15*H$10*(H$11/2-0.8*K15/2)+H$14*(O15-0.8*H$18)*(H$11/2-H$15)-H$12*M15*(H$11/2-H$16),IF(K15<=H$16,0.8*H$18*K15*H$10*(H$11/2-0.8*K15/2)+H$14*(O15-0.8*H$18)*(H$11/2-H$15)-H$12*M15*(H$11/2-H$16),IF(K15<=H$11,0.8*H$18*K15*H$10*(H$11/2-0.8*K15/2)+H$14*(O15-0.8*H$18)*(H$11/2-H$15)+H$12*M15*(H$11/2-H$16),H$18*(1-(1-0.8)*H$11/K15)*H$11*H$10*(H$11/2 -(1- (1-0.8)*H$11/K15)*H$11/2) + H$14*O15*(H$11/2-H$15)+H$12*M15*(H$11/2-H$16)))))) -> 11.689583 | R15: ='Moment resistant'!$H$14 -> 600.51 | S15: =IF(OR(AND(P15>=R15,P14<=R15),AND(P15<=R15,P14>=R15)),Q15+(Q14-Q15)*(P15-R15)/(P15-P14),"") | T15: =IF(OR(AND(P15>=R15,P14<=R15),AND(P15<=R15,P14>=R15)),K15+(K14-K15)*(P15-R15)/(P15-P14),"")
B16: 1.15 | G16: d = | H16: =$H$11-$H$13 -> 1.575 | I16: -0.2 | J16: =IF(K16<=0,"Domaine 1",IF(AND(K16>0,K16<=$H$16*$H$21/($H$21+$H$20)),"Domaine 2",IF(K16<=$H$23,"Domaine 3",IF(K16<=$H$16,"Domaine 4",IF(K16<=$H$11,"Domaine 4a","Domaine 5"))))) -> Domaine 1 | K16: =I16*$H$16 -> -0.315 | L16: =IF(K16<=0,"N/A",IF(K16<=$H$16*$H$21/($H$21+$H$20),"N/A",IF(K16<=$H$23,$H$21 * ($H$16 - K16) /K16,IF(K16<=$H$16,$H$21 * ($H$16 - K16) /K16,IF(K16<=$H$11,$H$21 * (K16-$H$16) /K16,$H$22 * (K16 - $H$16) / (K16 -$H$11 / 2)))))) -> N/A | M16: =IF(L16="N/A","N/A",IF(L16>=0,MIN(L16*$H$17,$H$19),MAX(L16*$H$17,-$H$19))) -> N/A | N16: =IF(K16<=0,$H$20*($H$15-K16)/($H$16-K16),IF(K16<=$H$16*$H$21/($H$21+$H$20),$H$20*(K16-$H$15)/($H$16-K16),IF(K16<=$H$23,$H$20*(K16-$H$15)/K16,IF(K16<=$H$16,$H$20*(K16-$H$15)/K16,IF(K16<=$H$11,$H$20*(K16-$H$15)/K16,$H$22 * (K16 - $H$15) / (K16 - $H$11 / 2)))))) -> 0.0017989418 | O16: =IF(N16>=0,MIN(N16*$H$17,$H$19),MAX(N16*$H$17,-$H$19)) -> 359.78836 | P16: =1000*IF(K16<0,-H$14*(O16-0.8*H$18)-H$12*H$19,IF(K16<=H$16*H$21/(H$21+H$20),0.8*H$18*K16*H$10+H$14*(O16-0.8*H$18)-H$12*H$19,IF(K16<=H$23,0.8*H$18*K16*H$10+H$14*(O16-0.8*H$18)-H$12*M16,IF(K16<=H$16,0.8*H$18*K16*H$10+H$14*(O16-0.8*H$18)-H$12*M16,IF(K16<=H$11,0.8*H$18*K16*H$10+H$14*(O16-0.8*H$18)+H$12*M16,H$18*(1-(1-0.8)*H$11/K16)*H$11*H$10+H$14*(O16-0.8*H$18)+H$12*M16))))) -> -672.52513 | Q16: =1000*IF(K16<0,-H$14*(O16-0.8*H$18)*(H$11/2-H$15)-H$12*H$19*(H$11/2-H$16),IF(K16<=H$16*H$21/(H$21+H$20),0.8*H$18*K16*H$10*(H$11/2-0.8*K16/2)+H$14*(O16-0.8*H$18)*(H$11/2-H$15)-H$12*H$19*(H$11/2-H$16),IF(K16<=H$23,0.8*H$18*K16*H$10*(H$11/2-0.8*K16/2)+H$14*(O16-0.8*H$18)*(H$11/2-H$15)-H$12*M16*(H$11/2-H$16),IF(K16<=H$16,0.8*H$18*K16*H$10*(H$11/2-0.8*K16/2)+H$14*(O16-0.8*H$18)*(H$11/2-H$15)-H$12*M16*(H$11/2-H$16),IF(K16<=H$11,0.8*H$18*K16*H$10*(H$11/2-0.8*K16/2)+H$14*(O16-0.8*H$18)*(H$11/2-H$15)+H$12*M16*(H$11/2-H$16),H$18*(1-(1-0.8)*H$11/K16)*H$11*H$10*(H$11/2 -(1- (1-0.8)*H$11/K16)*H$11/2) + H$14*O16*(H$11/2-H$15)+H$12*M16*(H$11/2-H$16)))))) -> 39.893022 | R16: ='Moment resistant'!$H$14 -> 600.51 | S16: =IF(OR(AND(P16>=R16,P15<=R16),AND(P16<=R16,P15>=R16)),Q16+(Q15-Q16)*(P16-R16)/(P16-P15),"") | T16: =IF(OR(AND(P16>=R16,P15<=R16),AND(P16<=R16,P15>=R16)),K16+(K15-K16)*(P16-R16)/(P16-P15),"")
B17: 1 | G17: Es = | H17: 200000 | I17: -0.1 | J17: =IF(K17<=0,"Domaine 1",IF(AND(K17>0,K17<=$H$16*$H$21/($H$21+$H$20)),"Domaine 2",IF(K17<=$H$23,"Domaine 3",IF(K17<=$H$16,"Domaine 4",IF(K17<=$H$11,"Domaine 4a","Domaine 5"))))) -> Domaine 1 | K17: =I17*$H$16 -> -0.1575 | L17: =IF(K17<=0,"N/A",IF(K17<=$H$16*$H$21/($H$21+$H$20),"N/A",IF(K17<=$H$23,$H$21 * ($H$16 - K17) /K17,IF(K17<=$H$16,$H$21 * ($H$16 - K17) /K17,IF(K17<=$H$11,$H$21 * (K17-$H$16) /K17,$H$22 * (K17 - $H$16) / (K17 -$H$11 / 2)))))) -> N/A | M17: =IF(L17="N/A","N/A",IF(L17>=0,MIN(L17*$H$17,$H$19),MAX(L17*$H$17,-$H$19))) -> N/A | N17: =IF(K17<=0,$H$20*($H$15-K17)/($H$16-K17),IF(K17<=$H$16*$H$21/($H$21+$H$20),$H$20*(K17-$H$15)/($H$16-K17),IF(K17<=$H$23,$H$20*(K17-$H$15)/K17,IF(K17<=$H$16,$H$20*(K17-$H$15)/K17,IF(K17<=$H$11,$H$20*(K17-$H$15)/K17,$H$22 * (K17 - $H$15) / (K17 - $H$11 / 2)))))) -> 0.0010533911 | O17: =IF(N17>=0,MIN(N17*$H$17,$H$19),MAX(N17*$H$17,-$H$19)) -> 210.67821 | P17: =1000*IF(K17<0,-H$14*(O17-0.8*H$18)-H$12*H$19,IF(K17<=H$16*H$21/(H$21+H$20),0.8*H$18*K17*H$10+H$14*(O17-0.8*H$18)-H$12*H$19,IF(K17<=H$23,0.8*H$18*K17*H$10+H$14*(O17-0.8*H$18)-H$12*M17,IF(K17<=H$16,0.8*H$18*K17*H$10+H$14*(O17-0.8*H$18)-H$12*M17,IF(K17<=H$11,0.8*H$18*K17*H$10+H$14*(O17-0.8*H$18)+H$12*M17,H$18*(1-(1-0.8)*H$11/K17)*H$11*H$10+H$14*(O17-0.8*H$18)+H$12*M17))))) -> -537.58045 | Q17: =1000*IF(K17<0,-H$14*(O17-0.8*H$18)*(H$11/2-H$15)-H$12*H$19*(H$11/2-H$16),IF(K17<=H$16*H$21/(H$21+H$20),0.8*H$18*K17*H$10*(H$11/2-0.8*K17/2)+H$14*(O17-0.8*H$18)*(H$11/2-H$15)-H$12*H$19*(H$11/2-H$16),IF(K17<=H$23,0.8*H$18*K17*H$10*(H$11/2-0.8*K17/2)+H$14*(O17-0.8*H$18)*(H$11/2-H$15)-H$12*M17*(H$11/2-H$16),IF(K17<=H$16,0.8*H$18*K17*H$10*(H$11/2-0.8*K17/2)+H$14*(O17-0.8*H$18)*(H$11/2-H$15)-H$12*M17*(H$11/2-H$16),IF(K17<=H$11,0.8*H$18*K17*H$10*(H$11/2-0.8*K17/2)+H$14*(O17-0.8*H$18)*(H$11/2-H$15)+H$12*M17*(H$11/2-H$16),H$18*(1-(1-0.8)*H$11/K17)*H$11*H$10*(H$11/2 -(1- (1-0.8)*H$11/K17)*H$11/2) + H$14*O17*(H$11/2-H$15)+H$12*M17*(H$11/2-H$16)))))) -> 144.47515 | R17: ='Moment resistant'!$H$14 -> 600.51 | S17: =IF(OR(AND(P17>=R17,P16<=R17),AND(P17<=R17,P16>=R17)),Q17+(Q16-Q17)*(P17-R17)/(P17-P16),"") | T17: =IF(OR(AND(P17>=R17,P16<=R17),AND(P17<=R17,P16>=R17)),K17+(K16-K17)*(P17-R17)/(P17-P16),"")
G18: fbu = | H18: =0.85 * 'Moment resistant'!$H$7 / ('Moment resistant'!$H$10 * 'Moment resistant'!$H$11) -> 20.833333 | I18: 0.0111 | J18: =IF(K18<=0,"Domaine 1",IF(AND(K18>0,K18<=$H$16*$H$21/($H$21+$H$20)),"Domaine 2",IF(K18<=$H$23,"Domaine 3",IF(K18<=$H$16,"Domaine 4",IF(K18<=$H$11,"Domaine 4a","Domaine 5"))))) -> Domaine 2 | K18: =I18*$H$16 -> 0.0174825 | L18: =IF(K18<=0,"N/A",IF(K18<=$H$16*$H$21/($H$21+$H$20),"N/A",IF(K18<=$H$23,$H$21 * ($H$16 - K18) /K18,IF(K18<=$H$16,$H$21 * ($H$16 - K18) /K18,IF(K18<=$H$11,$H$21 * (K18-$H$16) /K18,$H$22 * (K18 - $H$16) / (K18 -$H$11 / 2)))))) -> N/A | M18: =IF(L18="N/A","N/A",IF(L18>=0,MIN(L18*$H$17,$H$19),MAX(L18*$H$17,-$H$19))) -> N/A | N18: =IF(K18<=0,$H$20*($H$15-K18)/($H$16-K18),IF(K18<=$H$16*$H$21/($H$21+$H$20),$H$20*(K18-$H$15)/($H$16-K18),IF(K18<=$H$23,$H$20*(K18-$H$15)/K18,IF(K18<=$H$16,$H$20*(K18-$H$15)/K18,IF(K18<=$H$11,$H$20*(K18-$H$15)/K18,$H$22 * (K18 - $H$15) / (K18 - $H$11 / 2)))))) -> -4.826591e-05 | O18: =IF(N18>=0,MIN(N18*$H$17,$H$19),MAX(N18*$H$17,-$H$19)) -> -9.6531821 | P18: =1000*IF(K18<0,-H$14*(O18-0.8*H$18)-H$12*H$19,IF(K18<=H$16*H$21/(H$21+H$20),0.8*H$18*K18*H$10+H$14*(O18-0.8*H$18)-H$12*H$19,IF(K18<=H$23,0.8*H$18*K18*H$10+H$14*(O18-0.8*H$18)-H$12*M18,IF(K18<=H$16,0.8*H$18*K18*H$10+H$14*(O18-0.8*H$18)-H$12*M18,IF(K18<=H$11,0.8*H$18*K18*H$10+H$14*(O18-0.8*H$18)+H$12*M18,H$18*(1-(1-0.8)*H$11/K18)*H$11*H$10+H$14*(O18-0.8*H$18)+H$12*M18))))) -> -327.54446 | Q18: =1000*IF(K18<0,-H$14*(O18-0.8*H$18)*(H$11/2-H$15)-H$12*H$19*(H$11/2-H$16),IF(K18<=H$16*H$21/(H$21+H$20),0.8*H$18*K18*H$10*(H$11/2-0.8*K18/2)+H$14*(O18-0.8*H$18)*(H$11/2-H$15)-H$12*H$19*(H$11/2-H$16),IF(K18<=H$23,0.8*H$18*K18*H$10*(H$11/2-0.8*K18/2)+H$14*(O18-0.8*H$18)*(H$11/2-H$15)-H$12*M18*(H$11/2-H$16),IF(K18<=H$16,0.8*H$18*K18*H$10*(H$11/2-0.8*K18/2)+H$14*(O18-0.8*H$18)*(H$11/2-H$15)-H$12*M18*(H$11/2-H$16),IF(K18<=H$11,0.8*H$18*K18*H$10*(H$11/2-0.8*K18/2)+H$14*(O18-0.8*H$18)*(H$11/2-H$15)+H$12*M18*(H$11/2-H$16),H$18*(1-(1-0.8)*H$11/K18)*H$11*H$10*(H$11/2 -(1- (1-0.8)*H$11/K18)*H$11/2) + H$14*O18*(H$11/2-H$15)+H$12*M18*(H$11/2-H$16)))))) -> 308.3024 | R18: ='Moment resistant'!$H$14 -> 600.51 | S18: =IF(OR(AND(P18>=R18,P17<=R18),AND(P18<=R18,P17>=R18)),Q18+(Q17-Q18)*(P18-R18)/(P18-P17),"") | T18: =IF(OR(AND(P18>=R18,P17<=R18),AND(P18<=R18,P17>=R18)),K18+(K17-K18)*(P18-R18)/(P18-P17),"")
B19: Classe resistance a la compression du beton | G19: fsu = | H19: ='Moment resistant'!$H$8 / 'Moment resistant'!$H$12 -> 400 | I19: 0.02 | J19: =IF(K19<=0,"Domaine 1",IF(AND(K19>0,K19<=$H$16*$H$21/($H$21+$H$20)),"Domaine 2",IF(K19<=$H$23,"Domaine 3",IF(K19<=$H$16,"Domaine 4",IF(K19<=$H$11,"Domaine 4a","Domaine 5"))))) -> Domaine 2 | K19: =I19*$H$16 -> 0.0315 | L19: =IF(K19<=0,"N/A",IF(K19<=$H$16*$H$21/($H$21+$H$20),"N/A",IF(K19<=$H$23,$H$21 * ($H$16 - K19) /K19,IF(K19<=$H$16,$H$21 * ($H$16 - K19) /K19,IF(K19<=$H$11,$H$21 * (K19-$H$16) /K19,$H$22 * (K19 - $H$16) / (K19 -$H$11 / 2)))))) -> N/A | M19: =IF(L19="N/A","N/A",IF(L19>=0,MIN(L19*$H$17,$H$19),MAX(L19*$H$17,-$H$19))) -> N/A | N19: =IF(K19<=0,$H$20*($H$15-K19)/($H$16-K19),IF(K19<=$H$16*$H$21/($H$21+$H$20),$H$20*(K19-$H$15)/($H$16-K19),IF(K19<=$H$23,$H$20*(K19-$H$15)/K19,IF(K19<=$H$16,$H$20*(K19-$H$15)/K19,IF(K19<=$H$11,$H$20*(K19-$H$15)/K19,$H$22 * (K19 - $H$15) / (K19 - $H$11 / 2)))))) -> 4.2112083e-05 | O19: =IF(N19>=0,MIN(N19*$H$17,$H$19),MAX(N19*$H$17,-$H$19)) -> 8.4224166 | P19: =1000*IF(K19<0,-H$14*(O19-0.8*H$18)-H$12*H$19,IF(K19<=H$16*H$21/(H$21+H$20),0.8*H$18*K19*H$10+H$14*(O19-0.8*H$18)-H$12*H$19,IF(K19<=H$23,0.8*H$18*K19*H$10+H$14*(O19-0.8*H$18)-H$12*M19,IF(K19<=H$16,0.8*H$18*K19*H$10+H$14*(O19-0.8*H$18)-H$12*M19,IF(K19<=H$11,0.8*H$18*K19*H$10+H$14*(O19-0.8*H$18)+H$12*M19,H$18*(1-(1-0.8)*H$11/K19)*H$11*H$10+H$14*(O19-0.8*H$18)+H$12*M19))))) -> -264.46105 | Q19: =1000*IF(K19<0,-H$14*(O19-0.8*H$18)*(H$11/2-H$15)-H$12*H$19*(H$11/2-H$16),IF(K19<=H$16*H$21/(H$21+H$20),0.8*H$18*K19*H$10*(H$11/2-0.8*K19/2)+H$14*(O19-0.8*H$18)*(H$11/2-H$15)-H$12*H$19*(H$11/2-H$16),IF(K19<=H$23,0.8*H$18*K19*H$10*(H$11/2-0.8*K19/2)+H$14*(O19-0.8*H$18)*(H$11/2-H$15)-H$12*M19*(H$11/2-H$16),IF(K19<=H$16,0.8*H$18*K19*H$10*(H$11/2-0.8*K19/2)+H$14*(O19-0.8*H$18)*(H$11/2-H$15)-H$12*M19*(H$11/2-H$16),IF(K19<=H$11,0.8*H$18*K19*H$10*(H$11/2-0.8*K19/2)+H$14*(O19-0.8*H$18)*(H$11/2-H$15)+H$12*M19*(H$11/2-H$16),H$18*(1-(1-0.8)*H$11/K19)*H$11*H$10*(H$11/2 -(1- (1-0.8)*H$11/K19)*H$11/2) + H$14*O19*(H$11/2-H$15)+H$12*M19*(H$11/2-H$16)))))) -> 357.44469 | R19: ='Moment resistant'!$H$14 -> 600.51 | S19: =IF(OR(AND(P19>=R19,P18<=R19),AND(P19<=R19,P18>=R19)),Q19+(Q18-Q19)*(P19-R19)/(P19-P18),"") | T19: =IF(OR(AND(P19>=R19,P18<=R19),AND(P19<=R19,P18>=R19)),K19+(K18-K19)*(P19-R19)/(P19-P18),"")
B20: User-> | C20: 22.5 | G20: eud = | H20: =0.01 -> 0.01 | I20: 0.03 | J20: =IF(K20<=0,"Domaine 1",IF(AND(K20>0,K20<=$H$16*$H$21/($H$21+$H$20)),"Domaine 2",IF(K20<=$H$23,"Domaine 3",IF(K20<=$H$16,"Domaine 4",IF(K20<=$H$11,"Domaine 4a","Domaine 5"))))) -> Domaine 2 | K20: =I20*$H$16 -> 0.04725 | L20: =IF(K20<=0,"N/A",IF(K20<=$H$16*$H$21/($H$21+$H$20),"N/A",IF(K20<=$H$23,$H$21 * ($H$16 - K20) /K20,IF(K20<=$H$16,$H$21 * ($H$16 - K20) /K20,IF(K20<=$H$11,$H$21 * (K20-$H$16) /K20,$H$22 * (K20 - $H$16) / (K20 -$H$11 / 2)))))) -> N/A | M20: =IF(L20="N/A","N/A",IF(L20>=0,MIN(L20*$H$17,$H$19),MAX(L20*$H$17,-$H$19))) -> N/A | N20: =IF(K20<=0,$H$20*($H$15-K20)/($H$16-K20),IF(K20<=$H$16*$H$21/($H$21+$H$20),$H$20*(K20-$H$15)/($H$16-K20),IF(K20<=$H$23,$H$20*(K20-$H$15)/K20,IF(K20<=$H$16,$H$20*(K20-$H$15)/K20,IF(K20<=$H$11,$H$20*(K20-$H$15)/K20,$H$22 * (K20 - $H$15) / (K20 - $H$11 / 2)))))) -> 0.00014563901 | O20: =IF(N20>=0,MIN(N20*$H$17,$H$19),MAX(N20*$H$17,-$H$19)) -> 29.127802 | P20: =1000*IF(K20<0,-H$14*(O20-0.8*H$18)-H$12*H$19,IF(K20<=H$16*H$21/(H$21+H$20),0.8*H$18*K20*H$10+H$14*(O20-0.8*H$18)-H$12*H$19,IF(K20<=H$23,0.8*H$18*K20*H$10+H$14*(O20-0.8*H$18)-H$12*M20,IF(K20<=H$16,0.8*H$18*K20*H$10+H$14*(O20-0.8*H$18)-H$12*M20,IF(K20<=H$11,0.8*H$18*K20*H$10+H$14*(O20-0.8*H$18)+H$12*M20,H$18*(1-(1-0.8)*H$11/K20)*H$11*H$10+H$14*(O20-0.8*H$18)+H$12*M20))))) -> -193.22267 | Q20: =1000*IF(K20<0,-H$14*(O20-0.8*H$18)*(H$11/2-H$15)-H$12*H$19*(H$11/2-H$16),IF(K20<=H$16*H$21/(H$21+H$20),0.8*H$18*K20*H$10*(H$11/2-0.8*K20/2)+H$14*(O20-0.8*H$18)*(H$11/2-H$15)-H$12*H$19*(H$11/2-H$16),IF(K20<=H$23,0.8*H$18*K20*H$10*(H$11/2-0.8*K20/2)+H$14*(O20-0.8*H$18)*(H$11/2-H$15)-H$12*M20*(H$11/2-H$16),IF(K20<=H$16,0.8*H$18*K20*H$10*(H$11/2-0.8*K20/2)+H$14*(O20-0.8*H$18)*(H$11/2-H$15)-H$12*M20*(H$11/2-H$16),IF(K20<=H$11,0.8*H$18*K20*H$10*(H$11/2-0.8*K20/2)+H$14*(O20-0.8*H$18)*(H$11/2-H$15)+H$12*M20*(H$11/2-H$16),H$18*(1-(1-0.8)*H$11/K20)*H$11*H$10*(H$11/2 -(1- (1-0.8)*H$11/K20)*H$11/2) + H$14*O20*(H$11/2-H$15)+H$12*M20*(H$11/2-H$16)))))) -> 412.31318 | R20: ='Moment resistant'!$H$14 -> 600.51 | S20: =IF(OR(AND(P20>=R20,P19<=R20),AND(P20<=R20,P19>=R20)),Q20+(Q19-Q20)*(P20-R20)/(P20-P19),"") | T20: =IF(OR(AND(P20>=R20,P19<=R20),AND(P20<=R20,P19>=R20)),K20+(K19-K20)*(P20-R20)/(P20-P19),"")
B21: C8/10 | C21: 8 | G21: ecu = | H21: =0.0035 -> 0.0035 | I21: 0.04 | J21: =IF(K21<=0,"Domaine 1",IF(AND(K21>0,K21<=$H$16*$H$21/($H$21+$H$20)),"Domaine 2",IF(K21<=$H$23,"Domaine 3",IF(K21<=$H$16,"Domaine 4",IF(K21<=$H$11,"Domaine 4a","Domaine 5"))))) -> Domaine 2 | K21: =I21*$H$16 -> 0.063 | L21: =IF(K21<=0,"N/A",IF(K21<=$H$16*$H$21/($H$21+$H$20),"N/A",IF(K21<=$H$23,$H$21 * ($H$16 - K21) /K21,IF(K21<=$H$16,$H$21 * ($H$16 - K21) /K21,IF(K21<=$H$11,$H$21 * (K21-$H$16) /K21,$H$22 * (K21 - $H$16) / (K21 -$H$11 / 2)))))) -> N/A | M21: =IF(L21="N/A","N/A",IF(L21>=0,MIN(L21*$H$17,$H$19),MAX(L21*$H$17,-$H$19))) -> N/A | N21: =IF(K21<=0,$H$20*($H$15-K21)/($H$16-K21),IF(K21<=$H$16*$H$21/($H$21+$H$20),$H$20*(K21-$H$15)/($H$16-K21),IF(K21<=$H$23,$H$20*(K21-$H$15)/K21,IF(K21<=$H$16,$H$20*(K21-$H$15)/K21,IF(K21<=$H$11,$H$20*(K21-$H$15)/K21,$H$22 * (K21 - $H$15) / (K21 - $H$11 / 2)))))) -> 0.00025132275 | O21: =IF(N21>=0,MIN(N21*$H$17,$H$19),MAX(N21*$H$17,-$H$19)) -> 50.26455 | P21: =1000*IF(K21<0,-H$14*(O21-0.8*H$18)-H$12*H$19,IF(K21<=H$16*H$21/(H$21+H$20),0.8*H$18*K21*H$10+H$14*(O21-0.8*H$18)-H$12*H$19,IF(K21<=H$23,0.8*H$18*K21*H$10+H$14*(O21-0.8*H$18)-H$12*M21,IF(K21<=H$16,0.8*H$18*K21*H$10+H$14*(O21-0.8*H$18)-H$12*M21,IF(K21<=H$11,0.8*H$18*K21*H$10+H$14*(O21-0.8*H$18)+H$12*M21,H$18*(1-(1-0.8)*H$11/K21)*H$11*H$10+H$14*(O21-0.8*H$18)+H$12*M21))))) -> -121.59392 | Q21: =1000*IF(K21<0,-H$14*(O21-0.8*H$18)*(H$11/2-H$15)-H$12*H$19*(H$11/2-H$16),IF(K21<=H$16*H$21/(H$21+H$20),0.8*H$18*K21*H$10*(H$11/2-0.8*K21/2)+H$14*(O21-0.8*H$18)*(H$11/2-H$15)-H$12*H$19*(H$11/2-H$16),IF(K21<=H$23,0.8*H$18*K21*H$10*(H$11/2-0.8*K21/2)+H$14*(O21-0.8*H$18)*(H$11/2-H$15)-H$12*M21*(H$11/2-H$16),IF(K21<=H$16,0.8*H$18*K21*H$10*(H$11/2-0.8*K21/2)+H$14*(O21-0.8*H$18)*(H$11/2-H$15)-H$12*M21*(H$11/2-H$16),IF(K21<=H$11,0.8*H$18*K21*H$10*(H$11/2-0.8*K21/2)+H$14*(O21-0.8*H$18)*(H$11/2-H$15)+H$12*M21*(H$11/2-H$16),H$18*(1-(1-0.8)*H$11/K21)*H$11*H$10*(H$11/2 -(1- (1-0.8)*H$11/K21)*H$11/2) + H$14*O21*(H$11/2-H$15)+H$12*M21*(H$11/2-H$16)))))) -> 466.82272 | R21: ='Moment resistant'!$H$14 -> 600.51 | S21: =IF(OR(AND(P21>=R21,P20<=R21),AND(P21<=R21,P20>=R21)),Q21+(Q20-Q21)*(P21-R21)/(P21-P20),"") | T21: =IF(OR(AND(P21>=R21,P20<=R21),AND(P21<=R21,P20>=R21)),K21+(K20-K21)*(P21-R21)/(P21-P20),"")
B22: C12/15 | C22: 12 | G22: ec3 = | H22: =$H$19/200000 -> 0.002 | I22: 0.05 | J22: =IF(K22<=0,"Domaine 1",IF(AND(K22>0,K22<=$H$16*$H$21/($H$21+$H$20)),"Domaine 2",IF(K22<=$H$23,"Domaine 3",IF(K22<=$H$16,"Domaine 4",IF(K22<=$H$11,"Domaine 4a","Domaine 5"))))) -> Domaine 2 | K22: =I22*$H$16 -> 0.07875 | L22: =IF(K22<=0,"N/A",IF(K22<=$H$16*$H$21/($H$21+$H$20),"N/A",IF(K22<=$H$23,$H$21 * ($H$16 - K22) /K22,IF(K22<=$H$16,$H$21 * ($H$16 - K22) /K22,IF(K22<=$H$11,$H$21 * (K22-$H$16) /K22,$H$22 * (K22 - $H$16) / (K22 -$H$11 / 2)))))) -> N/A | M22: =IF(L22="N/A","N/A",IF(L22>=0,MIN(L22*$H$17,$H$19),MAX(L22*$H$17,-$H$19))) -> N/A | N22: =IF(K22<=0,$H$20*($H$15-K22)/($H$16-K22),IF(K22<=$H$16*$H$21/($H$21+$H$20),$H$20*(K22-$H$15)/($H$16-K22),IF(K22<=$H$23,$H$20*(K22-$H$15)/K22,IF(K22<=$H$16,$H$20*(K22-$H$15)/K22,IF(K22<=$H$11,$H$20*(K22-$H$15)/K22,$H$22 * (K22 - $H$15) / (K22 - $H$11 / 2)))))) -> 0.00035923141 | O22: =IF(N22>=0,MIN(N22*$H$17,$H$19),MAX(N22*$H$17,-$H$19)) -> 71.846282 | P22: =1000*IF(K22<0,-H$14*(O22-0.8*H$18)-H$12*H$19,IF(K22<=H$16*H$21/(H$21+H$20),0.8*H$18*K22*H$10+H$14*(O22-0.8*H$18)-H$12*H$19,IF(K22<=H$23,0.8*H$18*K22*H$10+H$14*(O22-0.8*H$18)-H$12*M22,IF(K22<=H$16,0.8*H$18*K22*H$10+H$14*(O22-0.8*H$18)-H$12*M22,IF(K22<=H$11,0.8*H$18*K22*H$10+H$14*(O22-0.8*H$18)+H$12*M22,H$18*(1-(1-0.8)*H$11/K22)*H$11*H$10+H$14*(O22-0.8*H$18)+H$12*M22))))) -> -49.562448 | Q22: =1000*IF(K22<0,-H$14*(O22-0.8*H$18)*(H$11/2-H$15)-H$12*H$19*(H$11/2-H$16),IF(K22<=H$16*H$21/(H$21+H$20),0.8*H$18*K22*H$10*(H$11/2-0.8*K22/2)+H$14*(O22-0.8*H$18)*(H$11/2-H$15)-H$12*H$19*(H$11/2-H$16),IF(K22<=H$23,0.8*H$18*K22*H$10*(H$11/2-0.8*K22/2)+H$14*(O22-0.8*H$18)*(H$11/2-H$15)-H$12*M22*(H$11/2-H$16),IF(K22<=H$16,0.8*H$18*K22*H$10*(H$11/2-0.8*K22/2)+H$14*(O22-0.8*H$18)*(H$11/2-H$15)-H$12*M22*(H$11/2-H$16),IF(K22<=H$11,0.8*H$18*K22*H$10*(H$11/2-0.8*K22/2)+H$14*(O22-0.8*H$18)*(H$11/2-H$15)+H$12*M22*(H$11/2-H$16),H$18*(1-(1-0.8)*H$11/K22)*H$11*H$10*(H$11/2 -(1- (1-0.8)*H$11/K22)*H$11/2) + H$14*O22*(H$11/2-H$15)+H$12*M22*(H$11/2-H$16)))))) -> 520.98285 | R22: ='Moment resistant'!$H$14 -> 600.51 | S22: =IF(OR(AND(P22>=R22,P21<=R22),AND(P22<=R22,P21>=R22)),Q22+(Q21-Q22)*(P22-R22)/(P22-P21),"") | T22: =IF(OR(AND(P22>=R22,P21<=R22),AND(P22<=R22,P21>=R22)),K22+(K21-K22)*(P22-R22)/(P22-P21),"")
B23: C16/20 | C23: 16 | G23: x_lim = | H23: =0.259 * $H$16 -> 0.407925 | I23: 0.07 | J23: =IF(K23<=0,"Domaine 1",IF(AND(K23>0,K23<=$H$16*$H$21/($H$21+$H$20)),"Domaine 2",IF(K23<=$H$23,"Domaine 3",IF(K23<=$H$16,"Domaine 4",IF(K23<=$H$11,"Domaine 4a","Domaine 5"))))) -> Domaine 2 | K23: =I23*$H$16 -> 0.11025 | L23: =IF(K23<=0,"N/A",IF(K23<=$H$16*$H$21/($H$21+$H$20),"N/A",IF(K23<=$H$23,$H$21 * ($H$16 - K23) /K23,IF(K23<=$H$16,$H$21 * ($H$16 - K23) /K23,IF(K23<=$H$11,$H$21 * (K23-$H$16) /K23,$H$22 * (K23 - $H$16) / (K23 -$H$11 / 2)))))) -> N/A | M23: =IF(L23="N/A","N/A",IF(L23>=0,MIN(L23*$H$17,$H$19),MAX(L23*$H$17,-$H$19))) -> N/A | N23: =IF(K23<=0,$H$20*($H$15-K23)/($H$16-K23),IF(K23<=$H$16*$H$21/($H$21+$H$20),$H$20*(K23-$H$15)/($H$16-K23),IF(K23<=$H$23,$H$20*(K23-$H$15)/K23,IF(K23<=$H$16,$H$20*(K23-$H$15)/K23,IF(K23<=$H$11,$H$20*(K23-$H$15)/K23,$H$22 * (K23 - $H$15) / (K23 - $H$11 / 2)))))) -> 0.00058201058 | O23: =IF(N23>=0,MIN(N23*$H$17,$H$19),MAX(N23*$H$17,-$H$19)) -> 116.40212 | P23: =1000*IF(K23<0,-H$14*(O23-0.8*H$18)-H$12*H$19,IF(K23<=H$16*H$21/(H$21+H$20),0.8*H$18*K23*H$10+H$14*(O23-0.8*H$18)-H$12*H$19,IF(K23<=H$23,0.8*H$18*K23*H$10+H$14*(O23-0.8*H$18)-H$12*M23,IF(K23<=H$16,0.8*H$18*K23*H$10+H$14*(O23-0.8*H$18)-H$12*M23,IF(K23<=H$11,0.8*H$18*K23*H$10+H$14*(O23-0.8*H$18)+H$12*M23,H$18*(1-(1-0.8)*H$11/K23)*H$11*H$10+H$14*(O23-0.8*H$18)+H$12*M23))))) -> 95.760582 | Q23: =1000*IF(K23<0,-H$14*(O23-0.8*H$18)*(H$11/2-H$15)-H$12*H$19*(H$11/2-H$16),IF(K23<=H$16*H$21/(H$21+H$20),0.8*H$18*K23*H$10*(H$11/2-0.8*K23/2)+H$14*(O23-0.8*H$18)*(H$11/2-H$15)-H$12*H$19*(H$11/2-H$16),IF(K23<=H$23,0.8*H$18*K23*H$10*(H$11/2-0.8*K23/2)+H$14*(O23-0.8*H$18)*(H$11/2-H$15)-H$12*M23*(H$11/2-H$16),IF(K23<=H$16,0.8*H$18*K23*H$10*(H$11/2-0.8*K23/2)+H$14*(O23-0.8*H$18)*(H$11/2-H$15)-H$12*M23*(H$11/2-H$16),IF(K23<=H$11,0.8*H$18*K23*H$10*(H$11/2-0.8*K23/2)+H$14*(O23-0.8*H$18)*(H$11/2-H$15)+H$12*M23*(H$11/2-H$16),H$18*(1-(1-0.8)*H$11/K23)*H$11*H$10*(H$11/2 -(1- (1-0.8)*H$11/K23)*H$11/2) + H$14*O23*(H$11/2-H$15)+H$12*M23*(H$11/2-H$16)))))) -> 628.2952 | R23: ='Moment resistant'!$H$14 -> 600.51 | S23: =IF(OR(AND(P23>=R23,P22<=R23),AND(P23<=R23,P22>=R23)),Q23+(Q22-Q23)*(P23-R23)/(P23-P22),"") | T23: =IF(OR(AND(P23>=R23,P22<=R23),AND(P23<=R23,P22>=R23)),K23+(K22-K23)*(P23-R23)/(P23-P22),"")
B24: C20/25 | C24: 20 | I24: 0.08 | J24: =IF(K24<=0,"Domaine 1",IF(AND(K24>0,K24<=$H$16*$H$21/($H$21+$H$20)),"Domaine 2",IF(K24<=$H$23,"Domaine 3",IF(K24<=$H$16,"Domaine 4",IF(K24<=$H$11,"Domaine 4a","Domaine 5"))))) -> Domaine 2 | K24: =I24*$H$16 -> 0.126 | L24: =IF(K24<=0,"N/A",IF(K24<=$H$16*$H$21/($H$21+$H$20),"N/A",IF(K24<=$H$23,$H$21 * ($H$16 - K24) /K24,IF(K24<=$H$16,$H$21 * ($H$16 - K24) /K24,IF(K24<=$H$11,$H$21 * (K24-$H$16) /K24,$H$22 * (K24 - $H$16) / (K24 -$H$11 / 2)))))) -> N/A | M24: =IF(L24="N/A","N/A",IF(L24>=0,MIN(L24*$H$17,$H$19),MAX(L24*$H$17,-$H$19))) -> N/A | N24: =IF(K24<=0,$H$20*($H$15-K24)/($H$16-K24),IF(K24<=$H$16*$H$21/($H$21+$H$20),$H$20*(K24-$H$15)/($H$16-K24),IF(K24<=$H$23,$H$20*(K24-$H$15)/K24,IF(K24<=$H$16,$H$20*(K24-$H$15)/K24,IF(K24<=$H$11,$H$20*(K24-$H$15)/K24,$H$22 * (K24 - $H$15) / (K24 - $H$11 / 2)))))) -> 0.00069703244 | O24: =IF(N24>=0,MIN(N24*$H$17,$H$19),MAX(N24*$H$17,-$H$19)) -> 139.40649 | P24: =1000*IF(K24<0,-H$14*(O24-0.8*H$18)-H$12*H$19,IF(K24<=H$16*H$21/(H$21+H$20),0.8*H$18*K24*H$10+H$14*(O24-0.8*H$18)-H$12*H$19,IF(K24<=H$23,0.8*H$18*K24*H$10+H$14*(O24-0.8*H$18)-H$12*M24,IF(K24<=H$16,0.8*H$18*K24*H$10+H$14*(O24-0.8*H$18)-H$12*M24,IF(K24<=H$11,0.8*H$18*K24*H$10+H$14*(O24-0.8*H$18)+H$12*M24,H$18*(1-(1-0.8)*H$11/K24)*H$11*H$10+H$14*(O24-0.8*H$18)+H$12*M24))))) -> 169.07954 | Q24: =1000*IF(K24<0,-H$14*(O24-0.8*H$18)*(H$11/2-H$15)-H$12*H$19*(H$11/2-H$16),IF(K24<=H$16*H$21/(H$21+H$20),0.8*H$18*K24*H$10*(H$11/2-0.8*K24/2)+H$14*(O24-0.8*H$18)*(H$11/2-H$15)-H$12*H$19*(H$11/2-H$16),IF(K24<=H$23,0.8*H$18*K24*H$10*(H$11/2-0.8*K24/2)+H$14*(O24-0.8*H$18)*(H$11/2-H$15)-H$12*M24*(H$11/2-H$16),IF(K24<=H$16,0.8*H$18*K24*H$10*(H$11/2-0.8*K24/2)+H$14*(O24-0.8*H$18)*(H$11/2-H$15)-H$12*M24*(H$11/2-H$16),IF(K24<=H$11,0.8*H$18*K24*H$10*(H$11/2-0.8*K24/2)+H$14*(O24-0.8*H$18)*(H$11/2-H$15)+H$12*M24*(H$11/2-H$16),H$18*(1-(1-0.8)*H$11/K24)*H$11*H$10*(H$11/2 -(1- (1-0.8)*H$11/K24)*H$11/2) + H$14*O24*(H$11/2-H$15)+H$12*M24*(H$11/2-H$16)))))) -> 681.46864 | R24: ='Moment resistant'!$H$14 -> 600.51 | S24: =IF(OR(AND(P24>=R24,P23<=R24),AND(P24<=R24,P23>=R24)),Q24+(Q23-Q24)*(P24-R24)/(P24-P23),"") | T24: =IF(OR(AND(P24>=R24,P23<=R24),AND(P24<=R24,P23>=R24)),K24+(K23-K24)*(P24-R24)/(P24-P23),"")
B25: C25/30 | C25: 25 | I25: 0.09 | J25: =IF(K25<=0,"Domaine 1",IF(AND(K25>0,K25<=$H$16*$H$21/($H$21+$H$20)),"Domaine 2",IF(K25<=$H$23,"Domaine 3",IF(K25<=$H$16,"Domaine 4",IF(K25<=$H$11,"Domaine 4a","Domaine 5"))))) -> Domaine 2 | K25: =I25*$H$16 -> 0.14175 | L25: =IF(K25<=0,"N/A",IF(K25<=$H$16*$H$21/($H$21+$H$20),"N/A",IF(K25<=$H$23,$H$21 * ($H$16 - K25) /K25,IF(K25<=$H$16,$H$21 * ($H$16 - K25) /K25,IF(K25<=$H$11,$H$21 * (K25-$H$16) /K25,$H$22 * (K25 - $H$16) / (K25 -$H$11 / 2)))))) -> N/A | M25: =IF(L25="N/A","N/A",IF(L25>=0,MIN(L25*$H$17,$H$19),MAX(L25*$H$17,-$H$19))) -> N/A | N25: =IF(K25<=0,$H$20*($H$15-K25)/($H$16-K25),IF(K25<=$H$16*$H$21/($H$21+$H$20),$H$20*(K25-$H$15)/($H$16-K25),IF(K25<=$H$23,$H$20*(K25-$H$15)/K25,IF(K25<=$H$16,$H$20*(K25-$H$15)/K25,IF(K25<=$H$11,$H$20*(K25-$H$15)/K25,$H$22 * (K25 - $H$15) / (K25 - $H$11 / 2)))))) -> 0.00081458224 | O25: =IF(N25>=0,MIN(N25*$H$17,$H$19),MAX(N25*$H$17,-$H$19)) -> 162.91645 | P25: =1000*IF(K25<0,-H$14*(O25-0.8*H$18)-H$12*H$19,IF(K25<=H$16*H$21/(H$21+H$20),0.8*H$18*K25*H$10+H$14*(O25-0.8*H$18)-H$12*H$19,IF(K25<=H$23,0.8*H$18*K25*H$10+H$14*(O25-0.8*H$18)-H$12*M25,IF(K25<=H$16,0.8*H$18*K25*H$10+H$14*(O25-0.8*H$18)-H$12*M25,IF(K25<=H$11,0.8*H$18*K25*H$10+H$14*(O25-0.8*H$18)+H$12*M25,H$18*(1-(1-0.8)*H$11/K25)*H$11*H$10+H$14*(O25-0.8*H$18)+H$12*M25))))) -> 242.85605 | Q25: =1000*IF(K25<0,-H$14*(O25-0.8*H$18)*(H$11/2-H$15)-H$12*H$19*(H$11/2-H$16),IF(K25<=H$16*H$21/(H$21+H$20),0.8*H$18*K25*H$10*(H$11/2-0.8*K25/2)+H$14*(O25-0.8*H$18)*(H$11/2-H$15)-H$12*H$19*(H$11/2-H$16),IF(K25<=H$23,0.8*H$18*K25*H$10*(H$11/2-0.8*K25/2)+H$14*(O25-0.8*H$18)*(H$11/2-H$15)-H$12*M25*(H$11/2-H$16),IF(K25<=H$16,0.8*H$18*K25*H$10*(H$11/2-0.8*K25/2)+H$14*(O25-0.8*H$18)*(H$11/2-H$15)-H$12*M25*(H$11/2-H$16),IF(K25<=H$11,0.8*H$18*K25*H$10*(H$11/2-0.8*K25/2)+H$14*(O25-0.8*H$18)*(H$11/2-H$15)+H$12*M25*(H$11/2-H$16),H$18*(1-(1-0.8)*H$11/K25)*H$11*H$10*(H$11/2 -(1- (1-0.8)*H$11/K25)*H$11/2) + H$14*O25*(H$11/2-H$15)+H$12*M25*(H$11/2-H$16)))))) -> 734.33519 | R25: ='Moment resistant'!$H$14 -> 600.51 | S25: =IF(OR(AND(P25>=R25,P24<=R25),AND(P25<=R25,P24>=R25)),Q25+(Q24-Q25)*(P25-R25)/(P25-P24),"") | T25: =IF(OR(AND(P25>=R25,P24<=R25),AND(P25<=R25,P24>=R25)),K25+(K24-K25)*(P25-R25)/(P25-P24),"")
B26: C30/37 | C26: 30 | I26: 0.1 | J26: =IF(K26<=0,"Domaine 1",IF(AND(K26>0,K26<=$H$16*$H$21/($H$21+$H$20)),"Domaine 2",IF(K26<=$H$23,"Domaine 3",IF(K26<=$H$16,"Domaine 4",IF(K26<=$H$11,"Domaine 4a","Domaine 5"))))) -> Domaine 2 | K26: =I26*$H$16 -> 0.1575 | L26: =IF(K26<=0,"N/A",IF(K26<=$H$16*$H$21/($H$21+$H$20),"N/A",IF(K26<=$H$23,$H$21 * ($H$16 - K26) /K26,IF(K26<=$H$16,$H$21 * ($H$16 - K26) /K26,IF(K26<=$H$11,$H$21 * (K26-$H$16) /K26,$H$22 * (K26 - $H$16) / (K26 -$H$11 / 2)))))) -> N/A | M26: =IF(L26="N/A","N/A",IF(L26>=0,MIN(L26*$H$17,$H$19),MAX(L26*$H$17,-$H$19))) -> N/A | N26: =IF(K26<=0,$H$20*($H$15-K26)/($H$16-K26),IF(K26<=$H$16*$H$21/($H$21+$H$20),$H$20*(K26-$H$15)/($H$16-K26),IF(K26<=$H$23,$H$20*(K26-$H$15)/K26,IF(K26<=$H$16,$H$20*(K26-$H$15)/K26,IF(K26<=$H$11,$H$20*(K26-$H$15)/K26,$H$22 * (K26 - $H$15) / (K26 - $H$11 / 2)))))) -> 0.00093474427 | O26: =IF(N26>=0,MIN(N26*$H$17,$H$19),MAX(N26*$H$17,-$H$19)) -> 186.94885 | P26: =1000*IF(K26<0,-H$14*(O26-0.8*H$18)-H$12*H$19,IF(K26<=H$16*H$21/(H$21+H$20),0.8*H$18*K26*H$10+H$14*(O26-0.8*H$18)-H$12*H$19,IF(K26<=H$23,0.8*H$18*K26*H$10+H$14*(O26-0.8*H$18)-H$12*M26,IF(K26<=H$16,0.8*H$18*K26*H$10+H$14*(O26-0.8*H$18)-H$12*M26,IF(K26<=H$11,0.8*H$18*K26*H$10+H$14*(O26-0.8*H$18)+H$12*M26,H$18*(1-(1-0.8)*H$11/K26)*H$11*H$10+H$14*(O26-0.8*H$18)+H$12*M26))))) -> 317.10538 | Q26: =1000*IF(K26<0,-H$14*(O26-0.8*H$18)*(H$11/2-H$15)-H$12*H$19*(H$11/2-H$16),IF(K26<=H$16*H$21/(H$21+H$20),0.8*H$18*K26*H$10*(H$11/2-0.8*K26/2)+H$14*(O26-0.8*H$18)*(H$11/2-H$15)-H$12*H$19*(H$11/2-H$16),IF(K26<=H$23,0.8*H$18*K26*H$10*(H$11/2-0.8*K26/2)+H$14*(O26-0.8*H$18)*(H$11/2-H$15)-H$12*M26*(H$11/2-H$16),IF(K26<=H$16,0.8*H$18*K26*H$10*(H$11/2-0.8*K26/2)+H$14*(O26-0.8*H$18)*(H$11/2-H$15)-H$12*M26*(H$11/2-H$16),IF(K26<=H$11,0.8*H$18*K26*H$10*(H$11/2-0.8*K26/2)+H$14*(O26-0.8*H$18)*(H$11/2-H$15)+H$12*M26*(H$11/2-H$16),H$18*(1-(1-0.8)*H$11/K26)*H$11*H$10*(H$11/2 -(1- (1-0.8)*H$11/K26)*H$11/2) + H$14*O26*(H$11/2-H$15)+H$12*M26*(H$11/2-H$16)))))) -> 786.90667 | R26: ='Moment resistant'!$H$14 -> 600.51 | S26: =IF(OR(AND(P26>=R26,P25<=R26),AND(P26<=R26,P25>=R26)),Q26+(Q25-Q26)*(P26-R26)/(P26-P25),"") | T26: =IF(OR(AND(P26>=R26,P25<=R26),AND(P26<=R26,P25>=R26)),K26+(K25-K26)*(P26-R26)/(P26-P25),"")
B27: C35/45 | C27: 35 | G27: M (kNm) | H27: N (kN) | I27: 0.11 | J27: =IF(K27<=0,"Domaine 1",IF(AND(K27>0,K27<=$H$16*$H$21/($H$21+$H$20)),"Domaine 2",IF(K27<=$H$23,"Domaine 3",IF(K27<=$H$16,"Domaine 4",IF(K27<=$H$11,"Domaine 4a","Domaine 5"))))) -> Domaine 2 | K27: =I27*$H$16 -> 0.17325 | L27: =IF(K27<=0,"N/A",IF(K27<=$H$16*$H$21/($H$21+$H$20),"N/A",IF(K27<=$H$23,$H$21 * ($H$16 - K27) /K27,IF(K27<=$H$16,$H$21 * ($H$16 - K27) /K27,IF(K27<=$H$11,$H$21 * (K27-$H$16) /K27,$H$22 * (K27 - $H$16) / (K27 -$H$11 / 2)))))) -> N/A | M27: =IF(L27="N/A","N/A",IF(L27>=0,MIN(L27*$H$17,$H$19),MAX(L27*$H$17,-$H$19))) -> N/A | N27: =IF(K27<=0,$H$20*($H$15-K27)/($H$16-K27),IF(K27<=$H$16*$H$21/($H$21+$H$20),$H$20*(K27-$H$15)/($H$16-K27),IF(K27<=$H$23,$H$20*(K27-$H$15)/K27,IF(K27<=$H$16,$H$20*(K27-$H$15)/K27,IF(K27<=$H$11,$H$20*(K27-$H$15)/K27,$H$22 * (K27 - $H$15) / (K27 - $H$11 / 2)))))) -> 0.0010576066 | O27: =IF(N27>=0,MIN(N27*$H$17,$H$19),MAX(N27*$H$17,-$H$19)) -> 211.52131 | P27: =1000*IF(K27<0,-H$14*(O27-0.8*H$18)-H$12*H$19,IF(K27<=H$16*H$21/(H$21+H$20),0.8*H$18*K27*H$10+H$14*(O27-0.8*H$18)-H$12*H$19,IF(K27<=H$23,0.8*H$18*K27*H$10+H$14*(O27-0.8*H$18)-H$12*M27,IF(K27<=H$16,0.8*H$18*K27*H$10+H$14*(O27-0.8*H$18)-H$12*M27,IF(K27<=H$11,0.8*H$18*K27*H$10+H$14*(O27-0.8*H$18)+H$12*M27,H$18*(1-(1-0.8)*H$11/K27)*H$11*H$10+H$14*(O27-0.8*H$18)+H$12*M27))))) -> 391.84345 | Q27: =1000*IF(K27<0,-H$14*(O27-0.8*H$18)*(H$11/2-H$15)-H$12*H$19*(H$11/2-H$16),IF(K27<=H$16*H$21/(H$21+H$20),0.8*H$18*K27*H$10*(H$11/2-0.8*K27/2)+H$14*(O27-0.8*H$18)*(H$11/2-H$15)-H$12*H$19*(H$11/2-H$16),IF(K27<=H$23,0.8*H$18*K27*H$10*(H$11/2-0.8*K27/2)+H$14*(O27-0.8*H$18)*(H$11/2-H$15)-H$12*M27*(H$11/2-H$16),IF(K27<=H$16,0.8*H$18*K27*H$10*(H$11/2-0.8*K27/2)+H$14*(O27-0.8*H$18)*(H$11/2-H$15)-H$12*M27*(H$11/2-H$16),IF(K27<=H$11,0.8*H$18*K27*H$10*(H$11/2-0.8*K27/2)+H$14*(O27-0.8*H$18)*(H$11/2-H$15)+H$12*M27*(H$11/2-H$16),H$18*(1-(1-0.8)*H$11/K27)*H$11*H$10*(H$11/2 -(1- (1-0.8)*H$11/K27)*H$11/2) + H$14*O27*(H$11/2-H$15)+H$12*M27*(H$11/2-H$16)))))) -> 839.19543 | R27: ='Moment resistant'!$H$14 -> 600.51 | S27: =IF(OR(AND(P27>=R27,P26<=R27),AND(P27<=R27,P26>=R27)),Q27+(Q26-Q27)*(P27-R27)/(P27-P26),"") | T27: =IF(OR(AND(P27>=R27,P26<=R27),AND(P27<=R27,P26>=R27)),K27+(K26-K27)*(P27-R27)/(P27-P26),"")
B28: C40/50 | C28: 40 | G28: 0 | H28: ='Moment resistant'!$H$14 -> 600.51 | I28: 0.12 | J28: =IF(K28<=0,"Domaine 1",IF(AND(K28>0,K28<=$H$16*$H$21/($H$21+$H$20)),"Domaine 2",IF(K28<=$H$23,"Domaine 3",IF(K28<=$H$16,"Domaine 4",IF(K28<=$H$11,"Domaine 4a","Domaine 5"))))) -> Domaine 2 | K28: =I28*$H$16 -> 0.189 | L28: =IF(K28<=0,"N/A",IF(K28<=$H$16*$H$21/($H$21+$H$20),"N/A",IF(K28<=$H$23,$H$21 * ($H$16 - K28) /K28,IF(K28<=$H$16,$H$21 * ($H$16 - K28) /K28,IF(K28<=$H$11,$H$21 * (K28-$H$16) /K28,$H$22 * (K28 - $H$16) / (K28 -$H$11 / 2)))))) -> N/A | M28: =IF(L28="N/A","N/A",IF(L28>=0,MIN(L28*$H$17,$H$19),MAX(L28*$H$17,-$H$19))) -> N/A | N28: =IF(K28<=0,$H$20*($H$15-K28)/($H$16-K28),IF(K28<=$H$16*$H$21/($H$21+$H$20),$H$20*(K28-$H$15)/($H$16-K28),IF(K28<=$H$23,$H$20*(K28-$H$15)/K28,IF(K28<=$H$16,$H$20*(K28-$H$15)/K28,IF(K28<=$H$11,$H$20*(K28-$H$15)/K28,$H$22 * (K28 - $H$15) / (K28 - $H$11 / 2)))))) -> 0.0011832612 | O28: =IF(N28>=0,MIN(N28*$H$17,$H$19),MAX(N28*$H$17,-$H$19)) -> 236.65224 | P28: =1000*IF(K28<0,-H$14*(O28-0.8*H$18)-H$12*H$19,IF(K28<=H$16*H$21/(H$21+H$20),0.8*H$18*K28*H$10+H$14*(O28-0.8*H$18)-H$12*H$19,IF(K28<=H$23,0.8*H$18*K28*H$10+H$14*(O28-0.8*H$18)-H$12*M28,IF(K28<=H$16,0.8*H$18*K28*H$10+H$14*(O28-0.8*H$18)-H$12*M28,IF(K28<=H$11,0.8*H$18*K28*H$10+H$14*(O28-0.8*H$18)+H$12*M28,H$18*(1-(1-0.8)*H$11/K28)*H$11*H$10+H$14*(O28-0.8*H$18)+H$12*M28))))) -> 467.08694 | Q28: =1000*IF(K28<0,-H$14*(O28-0.8*H$18)*(H$11/2-H$15)-H$12*H$19*(H$11/2-H$16),IF(K28<=H$16*H$21/(H$21+H$20),0.8*H$18*K28*H$10*(H$11/2-0.8*K28/2)+H$14*(O28-0.8*H$18)*(H$11/2-H$15)-H$12*H$19*(H$11/2-H$16),IF(K28<=H$23,0.8*H$18*K28*H$10*(H$11/2-0.8*K28/2)+H$14*(O28-0.8*H$18)*(H$11/2-H$15)-H$12*M28*(H$11/2-H$16),IF(K28<=H$16,0.8*H$18*K28*H$10*(H$11/2-0.8*K28/2)+H$14*(O28-0.8*H$18)*(H$11/2-H$15)-H$12*M28*(H$11/2-H$16),IF(K28<=H$11,0.8*H$18*K28*H$10*(H$11/2-0.8*K28/2)+H$14*(O28-0.8*H$18)*(H$11/2-H$15)+H$12*M28*(H$11/2-H$16),H$18*(1-(1-0.8)*H$11/K28)*H$11*H$10*(H$11/2 -(1- (1-0.8)*H$11/K28)*H$11/2) + H$14*O28*(H$11/2-H$15)+H$12*M28*(H$11/2-H$16)))))) -> 891.21438 | R28: ='Moment resistant'!$H$14 -> 600.51 | S28: =IF(OR(AND(P28>=R28,P27<=R28),AND(P28<=R28,P27>=R28)),Q28+(Q27-Q28)*(P28-R28)/(P28-P27),"") | T28: =IF(OR(AND(P28>=R28,P27<=R28),AND(P28<=R28,P27>=R28)),K28+(K27-K28)*(P28-R28)/(P28-P27),"")
B29: C45/55 | C29: 45 | G29: =MAX(S7:S85) -> 981.90514 | H29: ='Moment resistant'!$H$14 -> 600.51 | I29: 0.13 | J29: =IF(K29<=0,"Domaine 1",IF(AND(K29>0,K29<=$H$16*$H$21/($H$21+$H$20)),"Domaine 2",IF(K29<=$H$23,"Domaine 3",IF(K29<=$H$16,"Domaine 4",IF(K29<=$H$11,"Domaine 4a","Domaine 5"))))) -> Domaine 2 | K29: =I29*$H$16 -> 0.20475 | L29: =IF(K29<=0,"N/A",IF(K29<=$H$16*$H$21/($H$21+$H$20),"N/A",IF(K29<=$H$23,$H$21 * ($H$16 - K29) /K29,IF(K29<=$H$16,$H$21 * ($H$16 - K29) /K29,IF(K29<=$H$11,$H$21 * (K29-$H$16) /K29,$H$22 * (K29 - $H$16) / (K29 -$H$11 / 2)))))) -> N/A | M29: =IF(L29="N/A","N/A",IF(L29>=0,MIN(L29*$H$17,$H$19),MAX(L29*$H$17,-$H$19))) -> N/A | N29: =IF(K29<=0,$H$20*($H$15-K29)/($H$16-K29),IF(K29<=$H$16*$H$21/($H$21+$H$20),$H$20*(K29-$H$15)/($H$16-K29),IF(K29<=$H$23,$H$20*(K29-$H$15)/K29,IF(K29<=$H$16,$H$20*(K29-$H$15)/K29,IF(K29<=$H$11,$H$20*(K29-$H$15)/K29,$H$22 * (K29 - $H$15) / (K29 - $H$11 / 2)))))) -> 0.0013118044 | O29: =IF(N29>=0,MIN(N29*$H$17,$H$19),MAX(N29*$H$17,-$H$19)) -> 262.36088 | P29: =1000*IF(K29<0,-H$14*(O29-0.8*H$18)-H$12*H$19,IF(K29<=H$16*H$21/(H$21+H$20),0.8*H$18*K29*H$10+H$14*(O29-0.8*H$18)-H$12*H$19,IF(K29<=H$23,0.8*H$18*K29*H$10+H$14*(O29-0.8*H$18)-H$12*M29,IF(K29<=H$16,0.8*H$18*K29*H$10+H$14*(O29-0.8*H$18)-H$12*M29,IF(K29<=H$11,0.8*H$18*K29*H$10+H$14*(O29-0.8*H$18)+H$12*M29,H$18*(1-(1-0.8)*H$11/K29)*H$11*H$10+H$14*(O29-0.8*H$18)+H$12*M29))))) -> 542.85327 | Q29: =1000*IF(K29<0,-H$14*(O29-0.8*H$18)*(H$11/2-H$15)-H$12*H$19*(H$11/2-H$16),IF(K29<=H$16*H$21/(H$21+H$20),0.8*H$18*K29*H$10*(H$11/2-0.8*K29/2)+H$14*(O29-0.8*H$18)*(H$11/2-H$15)-H$12*H$19*(H$11/2-H$16),IF(K29<=H$23,0.8*H$18*K29*H$10*(H$11/2-0.8*K29/2)+H$14*(O29-0.8*H$18)*(H$11/2-H$15)-H$12*M29*(H$11/2-H$16),IF(K29<=H$16,0.8*H$18*K29*H$10*(H$11/2-0.8*K29/2)+H$14*(O29-0.8*H$18)*(H$11/2-H$15)-H$12*M29*(H$11/2-H$16),IF(K29<=H$11,0.8*H$18*K29*H$10*(H$11/2-0.8*K29/2)+H$14*(O29-0.8*H$18)*(H$11/2-H$15)+H$12*M29*(H$11/2-H$16),H$18*(1-(1-0.8)*H$11/K29)*H$11*H$10*(H$11/2 -(1- (1-0.8)*H$11/K29)*H$11/2) + H$14*O29*(H$11/2-H$15)+H$12*M29*(H$11/2-H$16)))))) -> 942.97703 | R29: ='Moment resistant'!$H$14 -> 600.51 | S29: =IF(OR(AND(P29>=R29,P28<=R29),AND(P29<=R29,P28>=R29)),Q29+(Q28-Q29)*(P29-R29)/(P29-P28),"") | T29: =IF(OR(AND(P29>=R29,P28<=R29),AND(P29<=R29,P28>=R29)),K29+(K28-K29)*(P29-R29)/(P29-P28),"")
B30: C50/60 | C30: 50 | G30: =MAX(S7:S85) -> 981.90514 | H30: 0 | I30: 0.14 | J30: =IF(K30<=0,"Domaine 1",IF(AND(K30>0,K30<=$H$16*$H$21/($H$21+$H$20)),"Domaine 2",IF(K30<=$H$23,"Domaine 3",IF(K30<=$H$16,"Domaine 4",IF(K30<=$H$11,"Domaine 4a","Domaine 5"))))) -> Domaine 2 | K30: =I30*$H$16 -> 0.2205 | L30: =IF(K30<=0,"N/A",IF(K30<=$H$16*$H$21/($H$21+$H$20),"N/A",IF(K30<=$H$23,$H$21 * ($H$16 - K30) /K30,IF(K30<=$H$16,$H$21 * ($H$16 - K30) /K30,IF(K30<=$H$11,$H$21 * (K30-$H$16) /K30,$H$22 * (K30 - $H$16) / (K30 -$H$11 / 2)))))) -> N/A | M30: =IF(L30="N/A","N/A",IF(L30>=0,MIN(L30*$H$17,$H$19),MAX(L30*$H$17,-$H$19))) -> N/A | N30: =IF(K30<=0,$H$20*($H$15-K30)/($H$16-K30),IF(K30<=$H$16*$H$21/($H$21+$H$20),$H$20*(K30-$H$15)/($H$16-K30),IF(K30<=$H$23,$H$20*(K30-$H$15)/K30,IF(K30<=$H$16,$H$20*(K30-$H$15)/K30,IF(K30<=$H$11,$H$20*(K30-$H$15)/K30,$H$22 * (K30 - $H$15) / (K30 - $H$11 / 2)))))) -> 0.001443337 | O30: =IF(N30>=0,MIN(N30*$H$17,$H$19),MAX(N30*$H$17,-$H$19)) -> 288.6674 | P30: =1000*IF(K30<0,-H$14*(O30-0.8*H$18)-H$12*H$19,IF(K30<=H$16*H$21/(H$21+H$20),0.8*H$18*K30*H$10+H$14*(O30-0.8*H$18)-H$12*H$19,IF(K30<=H$23,0.8*H$18*K30*H$10+H$14*(O30-0.8*H$18)-H$12*M30,IF(K30<=H$16,0.8*H$18*K30*H$10+H$14*(O30-0.8*H$18)-H$12*M30,IF(K30<=H$11,0.8*H$18*K30*H$10+H$14*(O30-0.8*H$18)+H$12*M30,H$18*(1-(1-0.8)*H$11/K30)*H$11*H$10+H$14*(O30-0.8*H$18)+H$12*M30))))) -> 619.16067 | Q30: =1000*IF(K30<0,-H$14*(O30-0.8*H$18)*(H$11/2-H$15)-H$12*H$19*(H$11/2-H$16),IF(K30<=H$16*H$21/(H$21+H$20),0.8*H$18*K30*H$10*(H$11/2-0.8*K30/2)+H$14*(O30-0.8*H$18)*(H$11/2-H$15)-H$12*H$19*(H$11/2-H$16),IF(K30<=H$23,0.8*H$18*K30*H$10*(H$11/2-0.8*K30/2)+H$14*(O30-0.8*H$18)*(H$11/2-H$15)-H$12*M30*(H$11/2-H$16),IF(K30<=H$16,0.8*H$18*K30*H$10*(H$11/2-0.8*K30/2)+H$14*(O30-0.8*H$18)*(H$11/2-H$15)-H$12*M30*(H$11/2-H$16),IF(K30<=H$11,0.8*H$18*K30*H$10*(H$11/2-0.8*K30/2)+H$14*(O30-0.8*H$18)*(H$11/2-H$15)+H$12*M30*(H$11/2-H$16),H$18*(1-(1-0.8)*H$11/K30)*H$11*H$10*(H$11/2 -(1- (1-0.8)*H$11/K30)*H$11/2) + H$14*O30*(H$11/2-H$15)+H$12*M30*(H$11/2-H$16)))))) -> 994.49752 | R30: ='Moment resistant'!$H$14 -> 600.51 | S30: =IF(OR(AND(P30>=R30,P29<=R30),AND(P30<=R30,P29>=R30)),Q30+(Q29-Q30)*(P30-R30)/(P30-P29),"") -> 981.90514 | T30: =IF(OR(AND(P30>=R30,P29<=R30),AND(P30<=R30,P29>=R30)),K30+(K29-K30)*(P30-R30)/(P30-P29),"") -> 0.21665046
G31: =MAX(S7:S85) -> 981.90514 | H31: ='Moment resistant'!$H$14 -> 600.51 | I31: 0.15 | J31: =IF(K31<=0,"Domaine 1",IF(AND(K31>0,K31<=$H$16*$H$21/($H$21+$H$20)),"Domaine 2",IF(K31<=$H$23,"Domaine 3",IF(K31<=$H$16,"Domaine 4",IF(K31<=$H$11,"Domaine 4a","Domaine 5"))))) -> Domaine 2 | K31: =I31*$H$16 -> 0.23625 | L31: =IF(K31<=0,"N/A",IF(K31<=$H$16*$H$21/($H$21+$H$20),"N/A",IF(K31<=$H$23,$H$21 * ($H$16 - K31) /K31,IF(K31<=$H$16,$H$21 * ($H$16 - K31) /K31,IF(K31<=$H$11,$H$21 * (K31-$H$16) /K31,$H$22 * (K31 - $H$16) / (K31 -$H$11 / 2)))))) -> N/A | M31: =IF(L31="N/A","N/A",IF(L31>=0,MIN(L31*$H$17,$H$19),MAX(L31*$H$17,-$H$19))) -> N/A | N31: =IF(K31<=0,$H$20*($H$15-K31)/($H$16-K31),IF(K31<=$H$16*$H$21/($H$21+$H$20),$H$20*(K31-$H$15)/($H$16-K31),IF(K31<=$H$23,$H$20*(K31-$H$15)/K31,IF(K31<=$H$16,$H$20*(K31-$H$15)/K31,IF(K31<=$H$11,$H$20*(K31-$H$15)/K31,$H$22 * (K31 - $H$15) / (K31 - $H$11 / 2)))))) -> 0.0015779645 | O31: =IF(N31>=0,MIN(N31*$H$17,$H$19),MAX(N31*$H$17,-$H$19)) -> 315.5929 | P31: =1000*IF(K31<0,-H$14*(O31-0.8*H$18)-H$12*H$19,IF(K31<=H$16*H$21/(H$21+H$20),0.8*H$18*K31*H$10+H$14*(O31-0.8*H$18)-H$12*H$19,IF(K31<=H$23,0.8*H$18*K31*H$10+H$14*(O31-0.8*H$18)-H$12*M31,IF(K31<=H$16,0.8*H$18*K31*H$10+H$14*(O31-0.8*H$18)-H$12*M31,IF(K31<=H$11,0.8*H$18*K31*H$10+H$14*(O31-0.8*H$18)+H$12*M31,H$18*(1-(1-0.8)*H$11/K31)*H$11*H$10+H$14*(O31-0.8*H$18)+H$12*M31))))) -> 696.02824 | Q31: =1000*IF(K31<0,-H$14*(O31-0.8*H$18)*(H$11/2-H$15)-H$12*H$19*(H$11/2-H$16),IF(K31<=H$16*H$21/(H$21+H$20),0.8*H$18*K31*H$10*(H$11/2-0.8*K31/2)+H$14*(O31-0.8*H$18)*(H$11/2-H$15)-H$12*H$19*(H$11/2-H$16),IF(K31<=H$23,0.8*H$18*K31*H$10*(H$11/2-0.8*K31/2)+H$14*(O31-0.8*H$18)*(H$11/2-H$15)-H$12*M31*(H$11/2-H$16),IF(K31<=H$16,0.8*H$18*K31*H$10*(H$11/2-0.8*K31/2)+H$14*(O31-0.8*H$18)*(H$11/2-H$15)-H$12*M31*(H$11/2-H$16),IF(K31<=H$11,0.8*H$18*K31*H$10*(H$11/2-0.8*K31/2)+H$14*(O31-0.8*H$18)*(H$11/2-H$15)+H$12*M31*(H$11/2-H$16),H$18*(1-(1-0.8)*H$11/K31)*H$11*H$10*(H$11/2 -(1- (1-0.8)*H$11/K31)*H$11/2) + H$14*O31*(H$11/2-H$15)+H$12*M31*(H$11/2-H$16)))))) -> 1045.7906 | R31: ='Moment resistant'!$H$14 -> 600.51 | S31: =IF(OR(AND(P31>=R31,P30<=R31),AND(P31<=R31,P30>=R31)),Q31+(Q30-Q31)*(P31-R31)/(P31-P30),"") | T31: =IF(OR(AND(P31>=R31,P30<=R31),AND(P31<=R31,P30>=R31)),K31+(K30-K31)*(P31-R31)/(P31-P30),"")
G32: min-cal | H32: =MIN(P6:P2751) -> -708.91667 | I32: 0.16 | J32: =IF(K32<=0,"Domaine 1",IF(AND(K32>0,K32<=$H$16*$H$21/($H$21+$H$20)),"Domaine 2",IF(K32<=$H$23,"Domaine 3",IF(K32<=$H$16,"Domaine 4",IF(K32<=$H$11,"Domaine 4a","Domaine 5"))))) -> Domaine 2 | K32: =I32*$H$16 -> 0.252 | L32: =IF(K32<=0,"N/A",IF(K32<=$H$16*$H$21/($H$21+$H$20),"N/A",IF(K32<=$H$23,$H$21 * ($H$16 - K32) /K32,IF(K32<=$H$16,$H$21 * ($H$16 - K32) /K32,IF(K32<=$H$11,$H$21 * (K32-$H$16) /K32,$H$22 * (K32 - $H$16) / (K32 -$H$11 / 2)))))) -> N/A | M32: =IF(L32="N/A","N/A",IF(L32>=0,MIN(L32*$H$17,$H$19),MAX(L32*$H$17,-$H$19))) -> N/A | N32: =IF(K32<=0,$H$20*($H$15-K32)/($H$16-K32),IF(K32<=$H$16*$H$21/($H$21+$H$20),$H$20*(K32-$H$15)/($H$16-K32),IF(K32<=$H$23,$H$20*(K32-$H$15)/K32,IF(K32<=$H$16,$H$20*(K32-$H$15)/K32,IF(K32<=$H$11,$H$20*(K32-$H$15)/K32,$H$22 * (K32 - $H$15) / (K32 - $H$11 / 2)))))) -> 0.0017157974 | O32: =IF(N32>=0,MIN(N32*$H$17,$H$19),MAX(N32*$H$17,-$H$19)) -> 343.15949 | P32: =1000*IF(K32<0,-H$14*(O32-0.8*H$18)-H$12*H$19,IF(K32<=H$16*H$21/(H$21+H$20),0.8*H$18*K32*H$10+H$14*(O32-0.8*H$18)-H$12*H$19,IF(K32<=H$23,0.8*H$18*K32*H$10+H$14*(O32-0.8*H$18)-H$12*M32,IF(K32<=H$16,0.8*H$18*K32*H$10+H$14*(O32-0.8*H$18)-H$12*M32,IF(K32<=H$11,0.8*H$18*K32*H$10+H$14*(O32-0.8*H$18)+H$12*M32,H$18*(1-(1-0.8)*H$11/K32)*H$11*H$10+H$14*(O32-0.8*H$18)+H$12*M32))))) -> 773.476 | Q32: =1000*IF(K32<0,-H$14*(O32-0.8*H$18)*(H$11/2-H$15)-H$12*H$19*(H$11/2-H$16),IF(K32<=H$16*H$21/(H$21+H$20),0.8*H$18*K32*H$10*(H$11/2-0.8*K32/2)+H$14*(O32-0.8*H$18)*(H$11/2-H$15)-H$12*H$19*(H$11/2-H$16),IF(K32<=H$23,0.8*H$18*K32*H$10*(H$11/2-0.8*K32/2)+H$14*(O32-0.8*H$18)*(H$11/2-H$15)-H$12*M32*(H$11/2-H$16),IF(K32<=H$16,0.8*H$18*K32*H$10*(H$11/2-0.8*K32/2)+H$14*(O32-0.8*H$18)*(H$11/2-H$15)-H$12*M32*(H$11/2-H$16),IF(K32<=H$11,0.8*H$18*K32*H$10*(H$11/2-0.8*K32/2)+H$14*(O32-0.8*H$18)*(H$11/2-H$15)+H$12*M32*(H$11/2-H$16),H$18*(1-(1-0.8)*H$11/K32)*H$11*H$10*(H$11/2 -(1- (1-0.8)*H$11/K32)*H$11/2) + H$14*O32*(H$11/2-H$15)+H$12*M32*(H$11/2-H$16)))))) -> 1096.8719 | R32: ='Moment resistant'!$H$14 -> 600.51 | S32: =IF(OR(AND(P32>=R32,P31<=R32),AND(P32<=R32,P31>=R32)),Q32+(Q31-Q32)*(P32-R32)/(P32-P31),"") | T32: =IF(OR(AND(P32>=R32,P31<=R32),AND(P32<=R32,P31>=R32)),K32+(K31-K32)*(P32-R32)/(P32-P31),"")
G33: max-cal | H33: =MAX(P6:P2751) -> 7374.0506 | I33: 0.17 | J33: =IF(K33<=0,"Domaine 1",IF(AND(K33>0,K33<=$H$16*$H$21/($H$21+$H$20)),"Domaine 2",IF(K33<=$H$23,"Domaine 3",IF(K33<=$H$16,"Domaine 4",IF(K33<=$H$11,"Domaine 4a","Domaine 5"))))) -> Domaine 2 | K33: =I33*$H$16 -> 0.26775 | L33: =IF(K33<=0,"N/A",IF(K33<=$H$16*$H$21/($H$21+$H$20),"N/A",IF(K33<=$H$23,$H$21 * ($H$16 - K33) /K33,IF(K33<=$H$16,$H$21 * ($H$16 - K33) /K33,IF(K33<=$H$11,$H$21 * (K33-$H$16) /K33,$H$22 * (K33 - $H$16) / (K33 -$H$11 / 2)))))) -> N/A | M33: =IF(L33="N/A","N/A",IF(L33>=0,MIN(L33*$H$17,$H$19),MAX(L33*$H$17,-$H$19))) -> N/A | N33: =IF(K33<=0,$H$20*($H$15-K33)/($H$16-K33),IF(K33<=$H$16*$H$21/($H$21+$H$20),$H$20*(K33-$H$15)/($H$16-K33),IF(K33<=$H$23,$H$20*(K33-$H$15)/K33,IF(K33<=$H$16,$H$20*(K33-$H$15)/K33,IF(K33<=$H$11,$H$20*(K33-$H$15)/K33,$H$22 * (K33 - $H$15) / (K33 - $H$11 / 2)))))) -> 0.0018569516 | O33: =IF(N33>=0,MIN(N33*$H$17,$H$19),MAX(N33*$H$17,-$H$19)) -> 371.39032 | P33: =1000*IF(K33<0,-H$14*(O33-0.8*H$18)-H$12*H$19,IF(K33<=H$16*H$21/(H$21+H$20),0.8*H$18*K33*H$10+H$14*(O33-0.8*H$18)-H$12*H$19,IF(K33<=H$23,0.8*H$18*K33*H$10+H$14*(O33-0.8*H$18)-H$12*M33,IF(K33<=H$16,0.8*H$18*K33*H$10+H$14*(O33-0.8*H$18)-H$12*M33,IF(K33<=H$11,0.8*H$18*K33*H$10+H$14*(O33-0.8*H$18)+H$12*M33,H$18*(1-(1-0.8)*H$11/K33)*H$11*H$10+H$14*(O33-0.8*H$18)+H$12*M33))))) -> 851.52491 | Q33: =1000*IF(K33<0,-H$14*(O33-0.8*H$18)*(H$11/2-H$15)-H$12*H$19*(H$11/2-H$16),IF(K33<=H$16*H$21/(H$21+H$20),0.8*H$18*K33*H$10*(H$11/2-0.8*K33/2)+H$14*(O33-0.8*H$18)*(H$11/2-H$15)-H$12*H$19*(H$11/2-H$16),IF(K33<=H$23,0.8*H$18*K33*H$10*(H$11/2-0.8*K33/2)+H$14*(O33-0.8*H$18)*(H$11/2-H$15)-H$12*M33*(H$11/2-H$16),IF(K33<=H$16,0.8*H$18*K33*H$10*(H$11/2-0.8*K33/2)+H$14*(O33-0.8*H$18)*(H$11/2-H$15)-H$12*M33*(H$11/2-H$16),IF(K33<=H$11,0.8*H$18*K33*H$10*(H$11/2-0.8*K33/2)+H$14*(O33-0.8*H$18)*(H$11/2-H$15)+H$12*M33*(H$11/2-H$16),H$18*(1-(1-0.8)*H$11/K33)*H$11*H$10*(H$11/2 -(1- (1-0.8)*H$11/K33)*H$11/2) + H$14*O33*(H$11/2-H$15)+H$12*M33*(H$11/2-H$16)))))) -> 1147.7576 | R33: ='Moment resistant'!$H$14 -> 600.51 | S33: =IF(OR(AND(P33>=R33,P32<=R33),AND(P33<=R33,P32>=R33)),Q33+(Q32-Q33)*(P33-R33)/(P33-P32),"") | T33: =IF(OR(AND(P33>=R33,P32<=R33),AND(P33<=R33,P32>=R33)),K33+(K32-K33)*(P33-R33)/(P33-P32),"")
G34: min-theoriq | H34: =-1000*(H12+H14)*H19 -> -724 | I34: 0.18 | J34: =IF(K34<=0,"Domaine 1",IF(AND(K34>0,K34<=$H$16*$H$21/($H$21+$H$20)),"Domaine 2",IF(K34<=$H$23,"Domaine 3",IF(K34<=$H$16,"Domaine 4",IF(K34<=$H$11,"Domaine 4a","Domaine 5"))))) -> Domaine 2 | K34: =I34*$H$16 -> 0.2835 | L34: =IF(K34<=0,"N/A",IF(K34<=$H$16*$H$21/($H$21+$H$20),"N/A",IF(K34<=$H$23,$H$21 * ($H$16 - K34) /K34,IF(K34<=$H$16,$H$21 * ($H$16 - K34) /K34,IF(K34<=$H$11,$H$21 * (K34-$H$16) /K34,$H$22 * (K34 - $H$16) / (K34 -$H$11 / 2)))))) -> N/A | M34: =IF(L34="N/A","N/A",IF(L34>=0,MIN(L34*$H$17,$H$19),MAX(L34*$H$17,-$H$19))) -> N/A | N34: =IF(K34<=0,$H$20*($H$15-K34)/($H$16-K34),IF(K34<=$H$16*$H$21/($H$21+$H$20),$H$20*(K34-$H$15)/($H$16-K34),IF(K34<=$H$23,$H$20*(K34-$H$15)/K34,IF(K34<=$H$16,$H$20*(K34-$H$15)/K34,IF(K34<=$H$11,$H$20*(K34-$H$15)/K34,$H$22 * (K34 - $H$15) / (K34 - $H$11 / 2)))))) -> 0.0020015486 | O34: =IF(N34>=0,MIN(N34*$H$17,$H$19),MAX(N34*$H$17,-$H$19)) -> 400 | P34: =1000*IF(K34<0,-H$14*(O34-0.8*H$18)-H$12*H$19,IF(K34<=H$16*H$21/(H$21+H$20),0.8*H$18*K34*H$10+H$14*(O34-0.8*H$18)-H$12*H$19,IF(K34<=H$23,0.8*H$18*K34*H$10+H$14*(O34-0.8*H$18)-H$12*M34,IF(K34<=H$16,0.8*H$18*K34*H$10+H$14*(O34-0.8*H$18)-H$12*M34,IF(K34<=H$11,0.8*H$18*K34*H$10+H$14*(O34-0.8*H$18)+H$12*M34,H$18*(1-(1-0.8)*H$11/K34)*H$11*H$10+H$14*(O34-0.8*H$18)+H$12*M34))))) -> 929.91667 | Q34: =1000*IF(K34<0,-H$14*(O34-0.8*H$18)*(H$11/2-H$15)-H$12*H$19*(H$11/2-H$16),IF(K34<=H$16*H$21/(H$21+H$20),0.8*H$18*K34*H$10*(H$11/2-0.8*K34/2)+H$14*(O34-0.8*H$18)*(H$11/2-H$15)-H$12*H$19*(H$11/2-H$16),IF(K34<=H$23,0.8*H$18*K34*H$10*(H$11/2-0.8*K34/2)+H$14*(O34-0.8*H$18)*(H$11/2-H$15)-H$12*M34*(H$11/2-H$16),IF(K34<=H$16,0.8*H$18*K34*H$10*(H$11/2-0.8*K34/2)+H$14*(O34-0.8*H$18)*(H$11/2-H$15)-H$12*M34*(H$11/2-H$16),IF(K34<=H$11,0.8*H$18*K34*H$10*(H$11/2-0.8*K34/2)+H$14*(O34-0.8*H$18)*(H$11/2-H$15)+H$12*M34*(H$11/2-H$16),H$18*(1-(1-0.8)*H$11/K34)*H$11*H$10*(H$11/2 -(1- (1-0.8)*H$11/K34)*H$11/2) + H$14*O34*(H$11/2-H$15)+H$12*M34*(H$11/2-H$16)))))) -> 1198.2474 | R34: ='Moment resistant'!$H$14 -> 600.51 | S34: =IF(OR(AND(P34>=R34,P33<=R34),AND(P34<=R34,P33>=R34)),Q34+(Q33-Q34)*(P34-R34)/(P34-P33),"") | T34: =IF(OR(AND(P34>=R34,P33<=R34),AND(P34<=R34,P33>=R34)),K34+(K33-K34)*(P34-R34)/(P34-P33),"")
G35: max-theoriq | H35: =1000*((H12+H14)*H19+H10*H11*H18) -> 7390.6667 | I35: 0.19 | J35: =IF(K35<=0,"Domaine 1",IF(AND(K35>0,K35<=$H$16*$H$21/($H$21+$H$20)),"Domaine 2",IF(K35<=$H$23,"Domaine 3",IF(K35<=$H$16,"Domaine 4",IF(K35<=$H$11,"Domaine 4a","Domaine 5"))))) -> Domaine 2 | K35: =I35*$H$16 -> 0.29925 | L35: =IF(K35<=0,"N/A",IF(K35<=$H$16*$H$21/($H$21+$H$20),"N/A",IF(K35<=$H$23,$H$21 * ($H$16 - K35) /K35,IF(K35<=$H$16,$H$21 * ($H$16 - K35) /K35,IF(K35<=$H$11,$H$21 * (K35-$H$16) /K35,$H$22 * (K35 - $H$16) / (K35 -$H$11 / 2)))))) -> N/A | M35: =IF(L35="N/A","N/A",IF(L35>=0,MIN(L35*$H$17,$H$19),MAX(L35*$H$17,-$H$19))) -> N/A | N35: =IF(K35<=0,$H$20*($H$15-K35)/($H$16-K35),IF(K35<=$H$16*$H$21/($H$21+$H$20),$H$20*(K35-$H$15)/($H$16-K35),IF(K35<=$H$23,$H$20*(K35-$H$15)/K35,IF(K35<=$H$16,$H$20*(K35-$H$15)/K35,IF(K35<=$H$11,$H$20*(K35-$H$15)/K35,$H$22 * (K35 - $H$15) / (K35 - $H$11 / 2)))))) -> 0.0021497159 | O35: =IF(N35>=0,MIN(N35*$H$17,$H$19),MAX(N35*$H$17,-$H$19)) -> 400 | P35: =1000*IF(K35<0,-H$14*(O35-0.8*H$18)-H$12*H$19,IF(K35<=H$16*H$21/(H$21+H$20),0.8*H$18*K35*H$10+H$14*(O35-0.8*H$18)-H$12*H$19,IF(K35<=H$23,0.8*H$18*K35*H$10+H$14*(O35-0.8*H$18)-H$12*M35,IF(K35<=H$16,0.8*H$18*K35*H$10+H$14*(O35-0.8*H$18)-H$12*M35,IF(K35<=H$11,0.8*H$18*K35*H$10+H$14*(O35-0.8*H$18)+H$12*M35,H$18*(1-(1-0.8)*H$11/K35)*H$11*H$10+H$14*(O35-0.8*H$18)+H$12*M35))))) -> 982.41667 | Q35: =1000*IF(K35<0,-H$14*(O35-0.8*H$18)*(H$11/2-H$15)-H$12*H$19*(H$11/2-H$16),IF(K35<=H$16*H$21/(H$21+H$20),0.8*H$18*K35*H$10*(H$11/2-0.8*K35/2)+H$14*(O35-0.8*H$18)*(H$11/2-H$15)-H$12*H$19*(H$11/2-H$16),IF(K35<=H$23,0.8*H$18*K35*H$10*(H$11/2-0.8*K35/2)+H$14*(O35-0.8*H$18)*(H$11/2-H$15)-H$12*M35*(H$11/2-H$16),IF(K35<=H$16,0.8*H$18*K35*H$10*(H$11/2-0.8*K35/2)+H$14*(O35-0.8*H$18)*(H$11/2-H$15)-H$12*M35*(H$11/2-H$16),IF(K35<=H$11,0.8*H$18*K35*H$10*(H$11/2-0.8*K35/2)+H$14*(O35-0.8*H$18)*(H$11/2-H$15)+H$12*M35*(H$11/2-H$16),H$18*(1-(1-0.8)*H$11/K35)*H$11*H$10*(H$11/2 -(1- (1-0.8)*H$11/K35)*H$11/2) + H$14*O35*(H$11/2-H$15)+H$12*M35*(H$11/2-H$16)))))) -> 1228.0097 | R35: ='Moment resistant'!$H$14 -> 600.51 | S35: =IF(OR(AND(P35>=R35,P34<=R35),AND(P35<=R35,P34>=R35)),Q35+(Q34-Q35)*(P35-R35)/(P35-P34),"") | T35: =IF(OR(AND(P35>=R35,P34<=R35),AND(P35<=R35,P34>=R35)),K35+(K34-K35)*(P35-R35)/(P35-P34),"")
I36: 0.2 | J36: =IF(K36<=0,"Domaine 1",IF(AND(K36>0,K36<=$H$16*$H$21/($H$21+$H$20)),"Domaine 2",IF(K36<=$H$23,"Domaine 3",IF(K36<=$H$16,"Domaine 4",IF(K36<=$H$11,"Domaine 4a","Domaine 5"))))) -> Domaine 2 | K36: =I36*$H$16 -> 0.315 | L36: =IF(K36<=0,"N/A",IF(K36<=$H$16*$H$21/($H$21+$H$20),"N/A",IF(K36<=$H$23,$H$21 * ($H$16 - K36) /K36,IF(K36<=$H$16,$H$21 * ($H$16 - K36) /K36,IF(K36<=$H$11,$H$21 * (K36-$H$16) /K36,$H$22 * (K36 - $H$16) / (K36 -$H$11 / 2)))))) -> N/A | M36: =IF(L36="N/A","N/A",IF(L36>=0,MIN(L36*$H$17,$H$19),MAX(L36*$H$17,-$H$19))) -> N/A | N36: =IF(K36<=0,$H$20*($H$15-K36)/($H$16-K36),IF(K36<=$H$16*$H$21/($H$21+$H$20),$H$20*(K36-$H$15)/($H$16-K36),IF(K36<=$H$23,$H$20*(K36-$H$15)/K36,IF(K36<=$H$16,$H$20*(K36-$H$15)/K36,IF(K36<=$H$11,$H$20*(K36-$H$15)/K36,$H$22 * (K36 - $H$15) / (K36 - $H$11 / 2)))))) -> 0.0023015873 | O36: =IF(N36>=0,MIN(N36*$H$17,$H$19),MAX(N36*$H$17,-$H$19)) -> 400 | P36: =1000*IF(K36<0,-H$14*(O36-0.8*H$18)-H$12*H$19,IF(K36<=H$16*H$21/(H$21+H$20),0.8*H$18*K36*H$10+H$14*(O36-0.8*H$18)-H$12*H$19,IF(K36<=H$23,0.8*H$18*K36*H$10+H$14*(O36-0.8*H$18)-H$12*M36,IF(K36<=H$16,0.8*H$18*K36*H$10+H$14*(O36-0.8*H$18)-H$12*M36,IF(K36<=H$11,0.8*H$18*K36*H$10+H$14*(O36-0.8*H$18)+H$12*M36,H$18*(1-(1-0.8)*H$11/K36)*H$11*H$10+H$14*(O36-0.8*H$18)+H$12*M36))))) -> 1034.9167 | Q36: =1000*IF(K36<0,-H$14*(O36-0.8*H$18)*(H$11/2-H$15)-H$12*H$19*(H$11/2-H$16),IF(K36<=H$16*H$21/(H$21+H$20),0.8*H$18*K36*H$10*(H$11/2-0.8*K36/2)+H$14*(O36-0.8*H$18)*(H$11/2-H$15)-H$12*H$19*(H$11/2-H$16),IF(K36<=H$23,0.8*H$18*K36*H$10*(H$11/2-0.8*K36/2)+H$14*(O36-0.8*H$18)*(H$11/2-H$15)-H$12*M36*(H$11/2-H$16),IF(K36<=H$16,0.8*H$18*K36*H$10*(H$11/2-0.8*K36/2)+H$14*(O36-0.8*H$18)*(H$11/2-H$15)-H$12*M36*(H$11/2-H$16),IF(K36<=H$11,0.8*H$18*K36*H$10*(H$11/2-0.8*K36/2)+H$14*(O36-0.8*H$18)*(H$11/2-H$15)+H$12*M36*(H$11/2-H$16),H$18*(1-(1-0.8)*H$11/K36)*H$11*H$10*(H$11/2 -(1- (1-0.8)*H$11/K36)*H$11/2) + H$14*O36*(H$11/2-H$15)+H$12*M36*(H$11/2-H$16)))))) -> 1257.1104 | R36: ='Moment resistant'!$H$14 -> 600.51 | S36: =IF(OR(AND(P36>=R36,P35<=R36),AND(P36<=R36,P35>=R36)),Q36+(Q35-Q36)*(P36-R36)/(P36-P35),"") | T36: =IF(OR(AND(P36>=R36,P35<=R36),AND(P36<=R36,P35>=R36)),K36+(K35-K36)*(P36-R36)/(P36-P35),"")
H37: =IF(MAX(T7:T85)<0,"< 0",IF(MAX(T7:T85)>H11,"> h",100*MAX(T7:T85))) -> 21.665046 | I37: 0.259 | J37: =IF(K37<=0,"Domaine 1",IF(AND(K37>0,K37<=$H$16*$H$21/($H$21+$H$20)),"Domaine 2",IF(K37<=$H$23,"Domaine 3",IF(K37<=$H$16,"Domaine 4",IF(K37<=$H$11,"Domaine 4a","Domaine 5"))))) -> Domaine 2 | K37: =I37*$H$16 -> 0.407925 | L37: =IF(K37<=0,"N/A",IF(K37<=$H$16*$H$21/($H$21+$H$20),"N/A",IF(K37<=$H$23,$H$21 * ($H$16 - K37) /K37,IF(K37<=$H$16,$H$21 * ($H$16 - K37) /K37,IF(K37<=$H$11,$H$21 * (K37-$H$16) /K37,$H$22 * (K37 - $H$16) / (K37 -$H$11 / 2)))))) -> N/A | M37: =IF(L37="N/A","N/A",IF(L37>=0,MIN(L37*$H$17,$H$19),MAX(L37*$H$17,-$H$19))) -> N/A | N37: =IF(K37<=0,$H$20*($H$15-K37)/($H$16-K37),IF(K37<=$H$16*$H$21/($H$21+$H$20),$H$20*(K37-$H$15)/($H$16-K37),IF(K37<=$H$23,$H$20*(K37-$H$15)/K37,IF(K37<=$H$16,$H$20*(K37-$H$15)/K37,IF(K37<=$H$11,$H$20*(K37-$H$15)/K37,$H$22 * (K37 - $H$15) / (K37 - $H$11 / 2)))))) -> 0.0032810659 | O37: =IF(N37>=0,MIN(N37*$H$17,$H$19),MAX(N37*$H$17,-$H$19)) -> 400 | P37: =1000*IF(K37<0,-H$14*(O37-0.8*H$18)-H$12*H$19,IF(K37<=H$16*H$21/(H$21+H$20),0.8*H$18*K37*H$10+H$14*(O37-0.8*H$18)-H$12*H$19,IF(K37<=H$23,0.8*H$18*K37*H$10+H$14*(O37-0.8*H$18)-H$12*M37,IF(K37<=H$16,0.8*H$18*K37*H$10+H$14*(O37-0.8*H$18)-H$12*M37,IF(K37<=H$11,0.8*H$18*K37*H$10+H$14*(O37-0.8*H$18)+H$12*M37,H$18*(1-(1-0.8)*H$11/K37)*H$11*H$10+H$14*(O37-0.8*H$18)+H$12*M37))))) -> 1344.6667 | Q37: =1000*IF(K37<0,-H$14*(O37-0.8*H$18)*(H$11/2-H$15)-H$12*H$19*(H$11/2-H$16),IF(K37<=H$16*H$21/(H$21+H$20),0.8*H$18*K37*H$10*(H$11/2-0.8*K37/2)+H$14*(O37-0.8*H$18)*(H$11/2-H$15)-H$12*H$19*(H$11/2-H$16),IF(K37<=H$23,0.8*H$18*K37*H$10*(H$11/2-0.8*K37/2)+H$14*(O37-0.8*H$18)*(H$11/2-H$15)-H$12*M37*(H$11/2-H$16),IF(K37<=H$16,0.8*H$18*K37*H$10*(H$11/2-0.8*K37/2)+H$14*(O37-0.8*H$18)*(H$11/2-H$15)-H$12*M37*(H$11/2-H$16),IF(K37<=H$11,0.8*H$18*K37*H$10*(H$11/2-0.8*K37/2)+H$14*(O37-0.8*H$18)*(H$11/2-H$15)+H$12*M37*(H$11/2-H$16),H$18*(1-(1-0.8)*H$11/K37)*H$11*H$10*(H$11/2 -(1- (1-0.8)*H$11/K37)*H$11/2) + H$14*O37*(H$11/2-H$15)+H$12*M37*(H$11/2-H$16)))))) -> 1415.34 | R37: ='Moment resistant'!$H$14 -> 600.51 | S37: =IF(OR(AND(P37>=R37,P36<=R37),AND(P37<=R37,P36>=R37)),Q37+(Q36-Q37)*(P37-R37)/(P37-P36),"") | T37: =IF(OR(AND(P37>=R37,P36<=R37),AND(P37<=R37,P36>=R37)),K37+(K36-K37)*(P37-R37)/(P37-P36),"")
H38: =IF(MAX(T7:T85)<0.259*H16,"Pivot A",IF(AND(MAX(T7:T85)>=0.259*H16,MAX(T7:T85)<H11),"Pivot B","Pivot C")) -> Pivot A | I38: 0.3 | J38: =IF(K38<=0,"Domaine 1",IF(AND(K38>0,K38<=$H$16*$H$21/($H$21+$H$20)),"Domaine 2",IF(K38<=$H$23,"Domaine 3",IF(K38<=$H$16,"Domaine 4",IF(K38<=$H$11,"Domaine 4a","Domaine 5"))))) -> Domaine 4 | K38: =I38*$H$16 -> 0.4725 | L38: =IF(K38<=0,"N/A",IF(K38<=$H$16*$H$21/($H$21+$H$20),"N/A",IF(K38<=$H$23,$H$21 * ($H$16 - K38) /K38,IF(K38<=$H$16,$H$21 * ($H$16 - K38) /K38,IF(K38<=$H$11,$H$21 * (K38-$H$16) /K38,$H$22 * (K38 - $H$16) / (K38 -$H$11 / 2)))))) -> 0.0081666667 | M38: =IF(L38="N/A","N/A",IF(L38>=0,MIN(L38*$H$17,$H$19),MAX(L38*$H$17,-$H$19))) -> 400 | N38: =IF(K38<=0,$H$20*($H$15-K38)/($H$16-K38),IF(K38<=$H$16*$H$21/($H$21+$H$20),$H$20*(K38-$H$15)/($H$16-K38),IF(K38<=$H$23,$H$20*(K38-$H$15)/K38,IF(K38<=$H$16,$H$20*(K38-$H$15)/K38,IF(K38<=$H$11,$H$20*(K38-$H$15)/K38,$H$22 * (K38 - $H$15) / (K38 - $H$11 / 2)))))) -> 0.0094708995 | O38: =IF(N38>=0,MIN(N38*$H$17,$H$19),MAX(N38*$H$17,-$H$19)) -> 400 | P38: =1000*IF(K38<0,-H$14*(O38-0.8*H$18)-H$12*H$19,IF(K38<=H$16*H$21/(H$21+H$20),0.8*H$18*K38*H$10+H$14*(O38-0.8*H$18)-H$12*H$19,IF(K38<=H$23,0.8*H$18*K38*H$10+H$14*(O38-0.8*H$18)-H$12*M38,IF(K38<=H$16,0.8*H$18*K38*H$10+H$14*(O38-0.8*H$18)-H$12*M38,IF(K38<=H$11,0.8*H$18*K38*H$10+H$14*(O38-0.8*H$18)+H$12*M38,H$18*(1-(1-0.8)*H$11/K38)*H$11*H$10+H$14*(O38-0.8*H$18)+H$12*M38))))) -> 1559.9167 | Q38: =1000*IF(K38<0,-H$14*(O38-0.8*H$18)*(H$11/2-H$15)-H$12*H$19*(H$11/2-H$16),IF(K38<=H$16*H$21/(H$21+H$20),0.8*H$18*K38*H$10*(H$11/2-0.8*K38/2)+H$14*(O38-0.8*H$18)*(H$11/2-H$15)-H$12*H$19*(H$11/2-H$16),IF(K38<=H$23,0.8*H$18*K38*H$10*(H$11/2-0.8*K38/2)+H$14*(O38-0.8*H$18)*(H$11/2-H$15)-H$12*M38*(H$11/2-H$16),IF(K38<=H$16,0.8*H$18*K38*H$10*(H$11/2-0.8*K38/2)+H$14*(O38-0.8*H$18)*(H$11/2-H$15)-H$12*M38*(H$11/2-H$16),IF(K38<=H$11,0.8*H$18*K38*H$10*(H$11/2-0.8*K38/2)+H$14*(O38-0.8*H$18)*(H$11/2-H$15)+H$12*M38*(H$11/2-H$16),H$18*(1-(1-0.8)*H$11/K38)*H$11*H$10*(H$11/2 -(1- (1-0.8)*H$11/K38)*H$11/2) + H$14*O38*(H$11/2-H$15)+H$12*M38*(H$11/2-H$16)))))) -> 1511.7354 | R38: ='Moment resistant'!$H$14 -> 600.51 | S38: =IF(OR(AND(P38>=R38,P37<=R38),AND(P38<=R38,P37>=R38)),Q38+(Q37-Q38)*(P38-R38)/(P38-P37),"") | T38: =IF(OR(AND(P38>=R38,P37<=R38),AND(P38<=R38,P37>=R38)),K38+(K37-K38)*(P38-R38)/(P38-P37),"")
H39: =IF(AND(MAX(T7:T85)>0,MAX(T7:T85)<H11),"Section Partiellement Comprimée",IF(MAX(T7:T85)<=0,"Section Entierement Tendue","Section Entierement Comprimée ")) -> Section Partiellement Comprimée | I39: 0.4 | J39: =IF(K39<=0,"Domaine 1",IF(AND(K39>0,K39<=$H$16*$H$21/($H$21+$H$20)),"Domaine 2",IF(K39<=$H$23,"Domaine 3",IF(K39<=$H$16,"Domaine 4",IF(K39<=$H$11,"Domaine 4a","Domaine 5"))))) -> Domaine 4 | K39: =I39*$H$16 -> 0.63 | L39: =IF(K39<=0,"N/A",IF(K39<=$H$16*$H$21/($H$21+$H$20),"N/A",IF(K39<=$H$23,$H$21 * ($H$16 - K39) /K39,IF(K39<=$H$16,$H$21 * ($H$16 - K39) /K39,IF(K39<=$H$11,$H$21 * (K39-$H$16) /K39,$H$22 * (K39 - $H$16) / (K39 -$H$11 / 2)))))) -> 0.00525 | M39: =IF(L39="N/A","N/A",IF(L39>=0,MIN(L39*$H$17,$H$19),MAX(L39*$H$17,-$H$19))) -> 400 | N39: =IF(K39<=0,$H$20*($H$15-K39)/($H$16-K39),IF(K39<=$H$16*$H$21/($H$21+$H$20),$H$20*(K39-$H$15)/($H$16-K39),IF(K39<=$H$23,$H$20*(K39-$H$15)/K39,IF(K39<=$H$16,$H$20*(K39-$H$15)/K39,IF(K39<=$H$11,$H$20*(K39-$H$15)/K39,$H$22 * (K39 - $H$15) / (K39 - $H$11 / 2)))))) -> 0.0096031746 | O39: =IF(N39>=0,MIN(N39*$H$17,$H$19),MAX(N39*$H$17,-$H$19)) -> 400 | P39: =1000*IF(K39<0,-H$14*(O39-0.8*H$18)-H$12*H$19,IF(K39<=H$16*H$21/(H$21+H$20),0.8*H$18*K39*H$10+H$14*(O39-0.8*H$18)-H$12*H$19,IF(K39<=H$23,0.8*H$18*K39*H$10+H$14*(O39-0.8*H$18)-H$12*M39,IF(K39<=H$16,0.8*H$18*K39*H$10+H$14*(O39-0.8*H$18)-H$12*M39,IF(K39<=H$11,0.8*H$18*K39*H$10+H$14*(O39-0.8*H$18)+H$12*M39,H$18*(1-(1-0.8)*H$11/K39)*H$11*H$10+H$14*(O39-0.8*H$18)+H$12*M39))))) -> 2084.9167 | Q39: =1000*IF(K39<0,-H$14*(O39-0.8*H$18)*(H$11/2-H$15)-H$12*H$19*(H$11/2-H$16),IF(K39<=H$16*H$21/(H$21+H$20),0.8*H$18*K39*H$10*(H$11/2-0.8*K39/2)+H$14*(O39-0.8*H$18)*(H$11/2-H$15)-H$12*H$19*(H$11/2-H$16),IF(K39<=H$23,0.8*H$18*K39*H$10*(H$11/2-0.8*K39/2)+H$14*(O39-0.8*H$18)*(H$11/2-H$15)-H$12*M39*(H$11/2-H$16),IF(K39<=H$16,0.8*H$18*K39*H$10*(H$11/2-0.8*K39/2)+H$14*(O39-0.8*H$18)*(H$11/2-H$15)-H$12*M39*(H$11/2-H$16),IF(K39<=H$11,0.8*H$18*K39*H$10*(H$11/2-0.8*K39/2)+H$14*(O39-0.8*H$18)*(H$11/2-H$15)+H$12*M39*(H$11/2-H$16),H$18*(1-(1-0.8)*H$11/K39)*H$11*H$10*(H$11/2 -(1- (1-0.8)*H$11/K39)*H$11/2) + H$14*O39*(H$11/2-H$15)+H$12*M39*(H$11/2-H$16)))))) -> 1700.2104 | R39: ='Moment resistant'!$H$14 -> 600.51 | S39: =IF(OR(AND(P39>=R39,P38<=R39),AND(P39<=R39,P38>=R39)),Q39+(Q38-Q39)*(P39-R39)/(P39-P38),"") | T39: =IF(OR(AND(P39>=R39,P38<=R39),AND(P39<=R39,P38>=R39)),K39+(K38-K39)*(P39-R39)/(P39-P38),"")
I40: 0.5 | J40: =IF(K40<=0,"Domaine 1",IF(AND(K40>0,K40<=$H$16*$H$21/($H$21+$H$20)),"Domaine 2",IF(K40<=$H$23,"Domaine 3",IF(K40<=$H$16,"Domaine 4",IF(K40<=$H$11,"Domaine 4a","Domaine 5"))))) -> Domaine 4 | K40: =I40*$H$16 -> 0.7875 | L40: =IF(K40<=0,"N/A",IF(K40<=$H$16*$H$21/($H$21+$H$20),"N/A",IF(K40<=$H$23,$H$21 * ($H$16 - K40) /K40,IF(K40<=$H$16,$H$21 * ($H$16 - K40) /K40,IF(K40<=$H$11,$H$21 * (K40-$H$16) /K40,$H$22 * (K40 - $H$16) / (K40 -$H$11 / 2)))))) -> 0.0035 | M40: =IF(L40="N/A","N/A",IF(L40>=0,MIN(L40*$H$17,$H$19),MAX(L40*$H$17,-$H$19))) -> 400 | N40: =IF(K40<=0,$H$20*($H$15-K40)/($H$16-K40),IF(K40<=$H$16*$H$21/($H$21+$H$20),$H$20*(K40-$H$15)/($H$16-K40),IF(K40<=$H$23,$H$20*(K40-$H$15)/K40,IF(K40<=$H$16,$H$20*(K40-$H$15)/K40,IF(K40<=$H$11,$H$20*(K40-$H$15)/K40,$H$22 * (K40 - $H$15) / (K40 - $H$11 / 2)))))) -> 0.0096825397 | O40: =IF(N40>=0,MIN(N40*$H$17,$H$19),MAX(N40*$H$17,-$H$19)) -> 400 | P40: =1000*IF(K40<0,-H$14*(O40-0.8*H$18)-H$12*H$19,IF(K40<=H$16*H$21/(H$21+H$20),0.8*H$18*K40*H$10+H$14*(O40-0.8*H$18)-H$12*H$19,IF(K40<=H$23,0.8*H$18*K40*H$10+H$14*(O40-0.8*H$18)-H$12*M40,IF(K40<=H$16,0.8*H$18*K40*H$10+H$14*(O40-0.8*H$18)-H$12*M40,IF(K40<=H$11,0.8*H$18*K40*H$10+H$14*(O40-0.8*H$18)+H$12*M40,H$18*(1-(1-0.8)*H$11/K40)*H$11*H$10+H$14*(O40-0.8*H$18)+H$12*M40))))) -> 2609.9167 | Q40: =1000*IF(K40<0,-H$14*(O40-0.8*H$18)*(H$11/2-H$15)-H$12*H$19*(H$11/2-H$16),IF(K40<=H$16*H$21/(H$21+H$20),0.8*H$18*K40*H$10*(H$11/2-0.8*K40/2)+H$14*(O40-0.8*H$18)*(H$11/2-H$15)-H$12*H$19*(H$11/2-H$16),IF(K40<=H$23,0.8*H$18*K40*H$10*(H$11/2-0.8*K40/2)+H$14*(O40-0.8*H$18)*(H$11/2-H$15)-H$12*M40*(H$11/2-H$16),IF(K40<=H$16,0.8*H$18*K40*H$10*(H$11/2-0.8*K40/2)+H$14*(O40-0.8*H$18)*(H$11/2-H$15)-H$12*M40*(H$11/2-H$16),IF(K40<=H$11,0.8*H$18*K40*H$10*(H$11/2-0.8*K40/2)+H$14*(O40-0.8*H$18)*(H$11/2-H$15)+H$12*M40*(H$11/2-H$16),H$18*(1-(1-0.8)*H$11/K40)*H$11*H$10*(H$11/2 -(1- (1-0.8)*H$11/K40)*H$11/2) + H$14*O40*(H$11/2-H$15)+H$12*M40*(H$11/2-H$16)))))) -> 1822.5354 | R40: ='Moment resistant'!$H$14 -> 600.51 | S40: =IF(OR(AND(P40>=R40,P39<=R40),AND(P40<=R40,P39>=R40)),Q40+(Q39-Q40)*(P40-R40)/(P40-P39),"") | T40: =IF(OR(AND(P40>=R40,P39<=R40),AND(P40<=R40,P39>=R40)),K40+(K39-K40)*(P40-R40)/(P40-P39),"")
I41: 0.55 | J41: =IF(K41<=0,"Domaine 1",IF(AND(K41>0,K41<=$H$16*$H$21/($H$21+$H$20)),"Domaine 2",IF(K41<=$H$23,"Domaine 3",IF(K41<=$H$16,"Domaine 4",IF(K41<=$H$11,"Domaine 4a","Domaine 5"))))) -> Domaine 4 | K41: =I41*$H$16 -> 0.86625 | L41: =IF(K41<=0,"N/A",IF(K41<=$H$16*$H$21/($H$21+$H$20),"N/A",IF(K41<=$H$23,$H$21 * ($H$16 - K41) /K41,IF(K41<=$H$16,$H$21 * ($H$16 - K41) /K41,IF(K41<=$H$11,$H$21 * (K41-$H$16) /K41,$H$22 * (K41 - $H$16) / (K41 -$H$11 / 2)))))) -> 0.0028636364 | M41: =IF(L41="N/A","N/A",IF(L41>=0,MIN(L41*$H$17,$H$19),MAX(L41*$H$17,-$H$19))) -> 400 | N41: =IF(K41<=0,$H$20*($H$15-K41)/($H$16-K41),IF(K41<=$H$16*$H$21/($H$21+$H$20),$H$20*(K41-$H$15)/($H$16-K41),IF(K41<=$H$23,$H$20*(K41-$H$15)/K41,IF(K41<=$H$16,$H$20*(K41-$H$15)/K41,IF(K41<=$H$11,$H$20*(K41-$H$15)/K41,$H$22 * (K41 - $H$15) / (K41 - $H$11 / 2)))))) -> 0.0097113997 | O41: =IF(N41>=0,MIN(N41*$H$17,$H$19),MAX(N41*$H$17,-$H$19)) -> 400 | P41: =1000*IF(K41<0,-H$14*(O41-0.8*H$18)-H$12*H$19,IF(K41<=H$16*H$21/(H$21+H$20),0.8*H$18*K41*H$10+H$14*(O41-0.8*H$18)-H$12*H$19,IF(K41<=H$23,0.8*H$18*K41*H$10+H$14*(O41-0.8*H$18)-H$12*M41,IF(K41<=H$16,0.8*H$18*K41*H$10+H$14*(O41-0.8*H$18)-H$12*M41,IF(K41<=H$11,0.8*H$18*K41*H$10+H$14*(O41-0.8*H$18)+H$12*M41,H$18*(1-(1-0.8)*H$11/K41)*H$11*H$10+H$14*(O41-0.8*H$18)+H$12*M41))))) -> 2872.4167 | Q41: =1000*IF(K41<0,-H$14*(O41-0.8*H$18)*(H$11/2-H$15)-H$12*H$19*(H$11/2-H$16),IF(K41<=H$16*H$21/(H$21+H$20),0.8*H$18*K41*H$10*(H$11/2-0.8*K41/2)+H$14*(O41-0.8*H$18)*(H$11/2-H$15)-H$12*H$19*(H$11/2-H$16),IF(K41<=H$23,0.8*H$18*K41*H$10*(H$11/2-0.8*K41/2)+H$14*(O41-0.8*H$18)*(H$11/2-H$15)-H$12*M41*(H$11/2-H$16),IF(K41<=H$16,0.8*H$18*K41*H$10*(H$11/2-0.8*K41/2)+H$14*(O41-0.8*H$18)*(H$11/2-H$15)-H$12*M41*(H$11/2-H$16),IF(K41<=H$11,0.8*H$18*K41*H$10*(H$11/2-0.8*K41/2)+H$14*(O41-0.8*H$18)*(H$11/2-H$15)+H$12*M41*(H$11/2-H$16),H$18*(1-(1-0.8)*H$11/K41)*H$11*H$10*(H$11/2 -(1- (1-0.8)*H$11/K41)*H$11/2) + H$14*O41*(H$11/2-H$15)+H$12*M41*(H$11/2-H$16)))))) -> 1858.8917 | R41: ='Moment resistant'!$H$14 -> 600.51 | S41: =IF(OR(AND(P41>=R41,P40<=R41),AND(P41<=R41,P40>=R41)),Q41+(Q40-Q41)*(P41-R41)/(P41-P40),"") | T41: =IF(OR(AND(P41>=R41,P40<=R41),AND(P41<=R41,P40>=R41)),K41+(K40-K41)*(P41-R41)/(P41-P40),"")
I42: 0.6 | J42: =IF(K42<=0,"Domaine 1",IF(AND(K42>0,K42<=$H$16*$H$21/($H$21+$H$20)),"Domaine 2",IF(K42<=$H$23,"Domaine 3",IF(K42<=$H$16,"Domaine 4",IF(K42<=$H$11,"Domaine 4a","Domaine 5"))))) -> Domaine 4 | K42: =I42*$H$16 -> 0.945 | L42: =IF(K42<=0,"N/A",IF(K42<=$H$16*$H$21/($H$21+$H$20),"N/A",IF(K42<=$H$23,$H$21 * ($H$16 - K42) /K42,IF(K42<=$H$16,$H$21 * ($H$16 - K42) /K42,IF(K42<=$H$11,$H$21 * (K42-$H$16) /K42,$H$22 * (K42 - $H$16) / (K42 -$H$11 / 2)))))) -> 0.0023333333 | M42: =IF(L42="N/A","N/A",IF(L42>=0,MIN(L42*$H$17,$H$19),MAX(L42*$H$17,-$H$19))) -> 400 | N42: =IF(K42<=0,$H$20*($H$15-K42)/($H$16-K42),IF(K42<=$H$16*$H$21/($H$21+$H$20),$H$20*(K42-$H$15)/($H$16-K42),IF(K42<=$H$23,$H$20*(K42-$H$15)/K42,IF(K42<=$H$16,$H$20*(K42-$H$15)/K42,IF(K42<=$H$11,$H$20*(K42-$H$15)/K42,$H$22 * (K42 - $H$15) / (K42 - $H$11 / 2)))))) -> 0.0097354497 | O42: =IF(N42>=0,MIN(N42*$H$17,$H$19),MAX(N42*$H$17,-$H$19)) -> 400 | P42: =1000*IF(K42<0,-H$14*(O42-0.8*H$18)-H$12*H$19,IF(K42<=H$16*H$21/(H$21+H$20),0.8*H$18*K42*H$10+H$14*(O42-0.8*H$18)-H$12*H$19,IF(K42<=H$23,0.8*H$18*K42*H$10+H$14*(O42-0.8*H$18)-H$12*M42,IF(K42<=H$16,0.8*H$18*K42*H$10+H$14*(O42-0.8*H$18)-H$12*M42,IF(K42<=H$11,0.8*H$18*K42*H$10+H$14*(O42-0.8*H$18)+H$12*M42,H$18*(1-(1-0.8)*H$11/K42)*H$11*H$10+H$14*(O42-0.8*H$18)+H$12*M42))))) -> 3134.9167 | Q42: =1000*IF(K42<0,-H$14*(O42-0.8*H$18)*(H$11/2-H$15)-H$12*H$19*(H$11/2-H$16),IF(K42<=H$16*H$21/(H$21+H$20),0.8*H$18*K42*H$10*(H$11/2-0.8*K42/2)+H$14*(O42-0.8*H$18)*(H$11/2-H$15)-H$12*H$19*(H$11/2-H$16),IF(K42<=H$23,0.8*H$18*K42*H$10*(H$11/2-0.8*K42/2)+H$14*(O42-0.8*H$18)*(H$11/2-H$15)-H$12*M42*(H$11/2-H$16),IF(K42<=H$16,0.8*H$18*K42*H$10*(H$11/2-0.8*K42/2)+H$14*(O42-0.8*H$18)*(H$11/2-H$15)-H$12*M42*(H$11/2-H$16),IF(K42<=H$11,0.8*H$18*K42*H$10*(H$11/2-0.8*K42/2)+H$14*(O42-0.8*H$18)*(H$11/2-H$15)+H$12*M42*(H$11/2-H$16),H$18*(1-(1-0.8)*H$11/K42)*H$11*H$10*(H$11/2 -(1- (1-0.8)*H$11/K42)*H$11/2) + H$14*O42*(H$11/2-H$15)+H$12*M42*(H$11/2-H$16)))))) -> 1878.7104 | R42: ='Moment resistant'!$H$14 -> 600.51 | S42: =IF(OR(AND(P42>=R42,P41<=R42),AND(P42<=R42,P41>=R42)),Q42+(Q41-Q42)*(P42-R42)/(P42-P41),"") | T42: =IF(OR(AND(P42>=R42,P41<=R42),AND(P42<=R42,P41>=R42)),K42+(K41-K42)*(P42-R42)/(P42-P41),"")
I43: 0.7 | J43: =IF(K43<=0,"Domaine 1",IF(AND(K43>0,K43<=$H$16*$H$21/($H$21+$H$20)),"Domaine 2",IF(K43<=$H$23,"Domaine 3",IF(K43<=$H$16,"Domaine 4",IF(K43<=$H$11,"Domaine 4a","Domaine 5"))))) -> Domaine 4 | K43: =I43*$H$16 -> 1.1025 | L43: =IF(K43<=0,"N/A",IF(K43<=$H$16*$H$21/($H$21+$H$20),"N/A",IF(K43<=$H$23,$H$21 * ($H$16 - K43) /K43,IF(K43<=$H$16,$H$21 * ($H$16 - K43) /K43,IF(K43<=$H$11,$H$21 * (K43-$H$16) /K43,$H$22 * (K43 - $H$16) / (K43 -$H$11 / 2)))))) -> 0.0015 | M43: =IF(L43="N/A","N/A",IF(L43>=0,MIN(L43*$H$17,$H$19),MAX(L43*$H$17,-$H$19))) -> 300 | N43: =IF(K43<=0,$H$20*($H$15-K43)/($H$16-K43),IF(K43<=$H$16*$H$21/($H$21+$H$20),$H$20*(K43-$H$15)/($H$16-K43),IF(K43<=$H$23,$H$20*(K43-$H$15)/K43,IF(K43<=$H$16,$H$20*(K43-$H$15)/K43,IF(K43<=$H$11,$H$20*(K43-$H$15)/K43,$H$22 * (K43 - $H$15) / (K43 - $H$11 / 2)))))) -> 0.0097732426 | O43: =IF(N43>=0,MIN(N43*$H$17,$H$19),MAX(N43*$H$17,-$H$19)) -> 400 | P43: =1000*IF(K43<0,-H$14*(O43-0.8*H$18)-H$12*H$19,IF(K43<=H$16*H$21/(H$21+H$20),0.8*H$18*K43*H$10+H$14*(O43-0.8*H$18)-H$12*H$19,IF(K43<=H$23,0.8*H$18*K43*H$10+H$14*(O43-0.8*H$18)-H$12*M43,IF(K43<=H$16,0.8*H$18*K43*H$10+H$14*(O43-0.8*H$18)-H$12*M43,IF(K43<=H$11,0.8*H$18*K43*H$10+H$14*(O43-0.8*H$18)+H$12*M43,H$18*(1-(1-0.8)*H$11/K43)*H$11*H$10+H$14*(O43-0.8*H$18)+H$12*M43))))) -> 3750.4167 | Q43: =1000*IF(K43<0,-H$14*(O43-0.8*H$18)*(H$11/2-H$15)-H$12*H$19*(H$11/2-H$16),IF(K43<=H$16*H$21/(H$21+H$20),0.8*H$18*K43*H$10*(H$11/2-0.8*K43/2)+H$14*(O43-0.8*H$18)*(H$11/2-H$15)-H$12*H$19*(H$11/2-H$16),IF(K43<=H$23,0.8*H$18*K43*H$10*(H$11/2-0.8*K43/2)+H$14*(O43-0.8*H$18)*(H$11/2-H$15)-H$12*M43*(H$11/2-H$16),IF(K43<=H$16,0.8*H$18*K43*H$10*(H$11/2-0.8*K43/2)+H$14*(O43-0.8*H$18)*(H$11/2-H$15)-H$12*M43*(H$11/2-H$16),IF(K43<=H$11,0.8*H$18*K43*H$10*(H$11/2-0.8*K43/2)+H$14*(O43-0.8*H$18)*(H$11/2-H$15)+H$12*M43*(H$11/2-H$16),H$18*(1-(1-0.8)*H$11/K43)*H$11*H$10*(H$11/2 -(1- (1-0.8)*H$11/K43)*H$11/2) + H$14*O43*(H$11/2-H$15)+H$12*M43*(H$11/2-H$16)))))) -> 1798.5979 | R43: ='Moment resistant'!$H$14 -> 600.51 | S43: =IF(OR(AND(P43>=R43,P42<=R43),AND(P43<=R43,P42>=R43)),Q43+(Q42-Q43)*(P43-R43)/(P43-P42),"") | T43: =IF(OR(AND(P43>=R43,P42<=R43),AND(P43<=R43,P42>=R43)),K43+(K42-K43)*(P43-R43)/(P43-P42),"")
I44: 0.8 | J44: =IF(K44<=0,"Domaine 1",IF(AND(K44>0,K44<=$H$16*$H$21/($H$21+$H$20)),"Domaine 2",IF(K44<=$H$23,"Domaine 3",IF(K44<=$H$16,"Domaine 4",IF(K44<=$H$11,"Domaine 4a","Domaine 5"))))) -> Domaine 4 | K44: =I44*$H$16 -> 1.26 | L44: =IF(K44<=0,"N/A",IF(K44<=$H$16*$H$21/($H$21+$H$20),"N/A",IF(K44<=$H$23,$H$21 * ($H$16 - K44) /K44,IF(K44<=$H$16,$H$21 * ($H$16 - K44) /K44,IF(K44<=$H$11,$H$21 * (K44-$H$16) /K44,$H$22 * (K44 - $H$16) / (K44 -$H$11 / 2)))))) -> 0.000875 | M44: =IF(L44="N/A","N/A",IF(L44>=0,MIN(L44*$H$17,$H$19),MAX(L44*$H$17,-$H$19))) -> 175 | N44: =IF(K44<=0,$H$20*($H$15-K44)/($H$16-K44),IF(K44<=$H$16*$H$21/($H$21+$H$20),$H$20*(K44-$H$15)/($H$16-K44),IF(K44<=$H$23,$H$20*(K44-$H$15)/K44,IF(K44<=$H$16,$H$20*(K44-$H$15)/K44,IF(K44<=$H$11,$H$20*(K44-$H$15)/K44,$H$22 * (K44 - $H$15) / (K44 - $H$11 / 2)))))) -> 0.0098015873 | O44: =IF(N44>=0,MIN(N44*$H$17,$H$19),MAX(N44*$H$17,-$H$19)) -> 400 | P44: =1000*IF(K44<0,-H$14*(O44-0.8*H$18)-H$12*H$19,IF(K44<=H$16*H$21/(H$21+H$20),0.8*H$18*K44*H$10+H$14*(O44-0.8*H$18)-H$12*H$19,IF(K44<=H$23,0.8*H$18*K44*H$10+H$14*(O44-0.8*H$18)-H$12*M44,IF(K44<=H$16,0.8*H$18*K44*H$10+H$14*(O44-0.8*H$18)-H$12*M44,IF(K44<=H$11,0.8*H$18*K44*H$10+H$14*(O44-0.8*H$18)+H$12*M44,H$18*(1-(1-0.8)*H$11/K44)*H$11*H$10+H$14*(O44-0.8*H$18)+H$12*M44))))) -> 4388.5417 | Q44: =1000*IF(K44<0,-H$14*(O44-0.8*H$18)*(H$11/2-H$15)-H$12*H$19*(H$11/2-H$16),IF(K44<=H$16*H$21/(H$21+H$20),0.8*H$18*K44*H$10*(H$11/2-0.8*K44/2)+H$14*(O44-0.8*H$18)*(H$11/2-H$15)-H$12*H$19*(H$11/2-H$16),IF(K44<=H$23,0.8*H$18*K44*H$10*(H$11/2-0.8*K44/2)+H$14*(O44-0.8*H$18)*(H$11/2-H$15)-H$12*M44*(H$11/2-H$16),IF(K44<=H$16,0.8*H$18*K44*H$10*(H$11/2-0.8*K44/2)+H$14*(O44-0.8*H$18)*(H$11/2-H$15)-H$12*M44*(H$11/2-H$16),IF(K44<=H$11,0.8*H$18*K44*H$10*(H$11/2-0.8*K44/2)+H$14*(O44-0.8*H$18)*(H$11/2-H$15)+H$12*M44*(H$11/2-H$16),H$18*(1-(1-0.8)*H$11/K44)*H$11*H$10*(H$11/2 -(1- (1-0.8)*H$11/K44)*H$11/2) + H$14*O44*(H$11/2-H$15)+H$12*M44*(H$11/2-H$16)))))) -> 1634.801 | R44: ='Moment resistant'!$H$14 -> 600.51 | S44: =IF(OR(AND(P44>=R44,P43<=R44),AND(P44<=R44,P43>=R44)),Q44+(Q43-Q44)*(P44-R44)/(P44-P43),"") | T44: =IF(OR(AND(P44>=R44,P43<=R44),AND(P44<=R44,P43>=R44)),K44+(K43-K44)*(P44-R44)/(P44-P43),"")
I45: 0.9 | J45: =IF(K45<=0,"Domaine 1",IF(AND(K45>0,K45<=$H$16*$H$21/($H$21+$H$20)),"Domaine 2",IF(K45<=$H$23,"Domaine 3",IF(K45<=$H$16,"Domaine 4",IF(K45<=$H$11,"Domaine 4a","Domaine 5"))))) -> Domaine 4 | K45: =I45*$H$16 -> 1.4175 | L45: =IF(K45<=0,"N/A",IF(K45<=$H$16*$H$21/($H$21+$H$20),"N/A",IF(K45<=$H$23,$H$21 * ($H$16 - K45) /K45,IF(K45<=$H$16,$H$21 * ($H$16 - K45) /K45,IF(K45<=$H$11,$H$21 * (K45-$H$16) /K45,$H$22 * (K45 - $H$16) / (K45 -$H$11 / 2)))))) -> 0.00038888889 | M45: =IF(L45="N/A","N/A",IF(L45>=0,MIN(L45*$H$17,$H$19),MAX(L45*$H$17,-$H$19))) -> 77.777778 | N45: =IF(K45<=0,$H$20*($H$15-K45)/($H$16-K45),IF(K45<=$H$16*$H$21/($H$21+$H$20),$H$20*(K45-$H$15)/($H$16-K45),IF(K45<=$H$23,$H$20*(K45-$H$15)/K45,IF(K45<=$H$16,$H$20*(K45-$H$15)/K45,IF(K45<=$H$11,$H$20*(K45-$H$15)/K45,$H$22 * (K45 - $H$15) / (K45 - $H$11 / 2)))))) -> 0.0098236332 | O45: =IF(N45>=0,MIN(N45*$H$17,$H$19),MAX(N45*$H$17,-$H$19)) -> 400 | P45: =1000*IF(K45<0,-H$14*(O45-0.8*H$18)-H$12*H$19,IF(K45<=H$16*H$21/(H$21+H$20),0.8*H$18*K45*H$10+H$14*(O45-0.8*H$18)-H$12*H$19,IF(K45<=H$23,0.8*H$18*K45*H$10+H$14*(O45-0.8*H$18)-H$12*M45,IF(K45<=H$16,0.8*H$18*K45*H$10+H$14*(O45-0.8*H$18)-H$12*M45,IF(K45<=H$11,0.8*H$18*K45*H$10+H$14*(O45-0.8*H$18)+H$12*M45,H$18*(1-(1-0.8)*H$11/K45)*H$11*H$10+H$14*(O45-0.8*H$18)+H$12*M45))))) -> 5001.5278 | Q45: =1000*IF(K45<0,-H$14*(O45-0.8*H$18)*(H$11/2-H$15)-H$12*H$19*(H$11/2-H$16),IF(K45<=H$16*H$21/(H$21+H$20),0.8*H$18*K45*H$10*(H$11/2-0.8*K45/2)+H$14*(O45-0.8*H$18)*(H$11/2-H$15)-H$12*H$19*(H$11/2-H$16),IF(K45<=H$23,0.8*H$18*K45*H$10*(H$11/2-0.8*K45/2)+H$14*(O45-0.8*H$18)*(H$11/2-H$15)-H$12*M45*(H$11/2-H$16),IF(K45<=H$16,0.8*H$18*K45*H$10*(H$11/2-0.8*K45/2)+H$14*(O45-0.8*H$18)*(H$11/2-H$15)-H$12*M45*(H$11/2-H$16),IF(K45<=H$11,0.8*H$18*K45*H$10*(H$11/2-0.8*K45/2)+H$14*(O45-0.8*H$18)*(H$11/2-H$15)+H$12*M45*(H$11/2-H$16),H$18*(1-(1-0.8)*H$11/K45)*H$11*H$10*(H$11/2 -(1- (1-0.8)*H$11/K45)*H$11/2) + H$14*O45*(H$11/2-H$15)+H$12*M45*(H$11/2-H$16)))))) -> 1424.3368 | R45: ='Moment resistant'!$H$14 -> 600.51 | S45: =IF(OR(AND(P45>=R45,P44<=R45),AND(P45<=R45,P44>=R45)),Q45+(Q44-Q45)*(P45-R45)/(P45-P44),"") | T45: =IF(OR(AND(P45>=R45,P44<=R45),AND(P45<=R45,P44>=R45)),K45+(K44-K45)*(P45-R45)/(P45-P44),"")
I46: 0.95 | J46: =IF(K46<=0,"Domaine 1",IF(AND(K46>0,K46<=$H$16*$H$21/($H$21+$H$20)),"Domaine 2",IF(K46<=$H$23,"Domaine 3",IF(K46<=$H$16,"Domaine 4",IF(K46<=$H$11,"Domaine 4a","Domaine 5"))))) -> Domaine 4 | K46: =I46*$H$16 -> 1.49625 | L46: =IF(K46<=0,"N/A",IF(K46<=$H$16*$H$21/($H$21+$H$20),"N/A",IF(K46<=$H$23,$H$21 * ($H$16 - K46) /K46,IF(K46<=$H$16,$H$21 * ($H$16 - K46) /K46,IF(K46<=$H$11,$H$21 * (K46-$H$16) /K46,$H$22 * (K46 - $H$16) / (K46 -$H$11 / 2)))))) -> 0.00018421053 | M46: =IF(L46="N/A","N/A",IF(L46>=0,MIN(L46*$H$17,$H$19),MAX(L46*$H$17,-$H$19))) -> 36.842105 | N46: =IF(K46<=0,$H$20*($H$15-K46)/($H$16-K46),IF(K46<=$H$16*$H$21/($H$21+$H$20),$H$20*(K46-$H$15)/($H$16-K46),IF(K46<=$H$23,$H$20*(K46-$H$15)/K46,IF(K46<=$H$16,$H$20*(K46-$H$15)/K46,IF(K46<=$H$11,$H$20*(K46-$H$15)/K46,$H$22 * (K46 - $H$15) / (K46 - $H$11 / 2)))))) -> 0.0098329156 | O46: =IF(N46>=0,MIN(N46*$H$17,$H$19),MAX(N46*$H$17,-$H$19)) -> 400 | P46: =1000*IF(K46<0,-H$14*(O46-0.8*H$18)-H$12*H$19,IF(K46<=H$16*H$21/(H$21+H$20),0.8*H$18*K46*H$10+H$14*(O46-0.8*H$18)-H$12*H$19,IF(K46<=H$23,0.8*H$18*K46*H$10+H$14*(O46-0.8*H$18)-H$12*M46,IF(K46<=H$16,0.8*H$18*K46*H$10+H$14*(O46-0.8*H$18)-H$12*M46,IF(K46<=H$11,0.8*H$18*K46*H$10+H$14*(O46-0.8*H$18)+H$12*M46,H$18*(1-(1-0.8)*H$11/K46)*H$11*H$10+H$14*(O46-0.8*H$18)+H$12*M46))))) -> 5301.0746 | Q46: =1000*IF(K46<0,-H$14*(O46-0.8*H$18)*(H$11/2-H$15)-H$12*H$19*(H$11/2-H$16),IF(K46<=H$16*H$21/(H$21+H$20),0.8*H$18*K46*H$10*(H$11/2-0.8*K46/2)+H$14*(O46-0.8*H$18)*(H$11/2-H$15)-H$12*H$19*(H$11/2-H$16),IF(K46<=H$23,0.8*H$18*K46*H$10*(H$11/2-0.8*K46/2)+H$14*(O46-0.8*H$18)*(H$11/2-H$15)-H$12*M46*(H$11/2-H$16),IF(K46<=H$16,0.8*H$18*K46*H$10*(H$11/2-0.8*K46/2)+H$14*(O46-0.8*H$18)*(H$11/2-H$15)-H$12*M46*(H$11/2-H$16),IF(K46<=H$11,0.8*H$18*K46*H$10*(H$11/2-0.8*K46/2)+H$14*(O46-0.8*H$18)*(H$11/2-H$15)+H$12*M46*(H$11/2-H$16),H$18*(1-(1-0.8)*H$11/K46)*H$11*H$10*(H$11/2 -(1- (1-0.8)*H$11/K46)*H$11/2) + H$14*O46*(H$11/2-H$15)+H$12*M46*(H$11/2-H$16)))))) -> 1299.6818 | R46: ='Moment resistant'!$H$14 -> 600.51 | S46: =IF(OR(AND(P46>=R46,P45<=R46),AND(P46<=R46,P45>=R46)),Q46+(Q45-Q46)*(P46-R46)/(P46-P45),"") | T46: =IF(OR(AND(P46>=R46,P45<=R46),AND(P46<=R46,P45>=R46)),K46+(K45-K46)*(P46-R46)/(P46-P45),"")
I47: 1 | J47: =IF(K47<=0,"Domaine 1",IF(AND(K47>0,K47<=$H$16*$H$21/($H$21+$H$20)),"Domaine 2",IF(K47<=$H$23,"Domaine 3",IF(K47<=$H$16,"Domaine 4",IF(K47<=$H$11,"Domaine 4a","Domaine 5"))))) -> Domaine 4 | K47: =I47*$H$16 -> 1.575 | L47: =IF(K47<=0,"N/A",IF(K47<=$H$16*$H$21/($H$21+$H$20),"N/A",IF(K47<=$H$23,$H$21 * ($H$16 - K47) /K47,IF(K47<=$H$16,$H$21 * ($H$16 - K47) /K47,IF(K47<=$H$11,$H$21 * (K47-$H$16) /K47,$H$22 * (K47 - $H$16) / (K47 -$H$11 / 2)))))) -> 0 | M47: =IF(L47="N/A","N/A",IF(L47>=0,MIN(L47*$H$17,$H$19),MAX(L47*$H$17,-$H$19))) -> 0 | N47: =IF(K47<=0,$H$20*($H$15-K47)/($H$16-K47),IF(K47<=$H$16*$H$21/($H$21+$H$20),$H$20*(K47-$H$15)/($H$16-K47),IF(K47<=$H$23,$H$20*(K47-$H$15)/K47,IF(K47<=$H$16,$H$20*(K47-$H$15)/K47,IF(K47<=$H$11,$H$20*(K47-$H$15)/K47,$H$22 * (K47 - $H$15) / (K47 - $H$11 / 2)))))) -> 0.0098412698 | O47: =IF(N47>=0,MIN(N47*$H$17,$H$19),MAX(N47*$H$17,-$H$19)) -> 400 | P47: =1000*IF(K47<0,-H$14*(O47-0.8*H$18)-H$12*H$19,IF(K47<=H$16*H$21/(H$21+H$20),0.8*H$18*K47*H$10+H$14*(O47-0.8*H$18)-H$12*H$19,IF(K47<=H$23,0.8*H$18*K47*H$10+H$14*(O47-0.8*H$18)-H$12*M47,IF(K47<=H$16,0.8*H$18*K47*H$10+H$14*(O47-0.8*H$18)-H$12*M47,IF(K47<=H$11,0.8*H$18*K47*H$10+H$14*(O47-0.8*H$18)+H$12*M47,H$18*(1-(1-0.8)*H$11/K47)*H$11*H$10+H$14*(O47-0.8*H$18)+H$12*M47))))) -> 5596.9167 | Q47: =1000*IF(K47<0,-H$14*(O47-0.8*H$18)*(H$11/2-H$15)-H$12*H$19*(H$11/2-H$16),IF(K47<=H$16*H$21/(H$21+H$20),0.8*H$18*K47*H$10*(H$11/2-0.8*K47/2)+H$14*(O47-0.8*H$18)*(H$11/2-H$15)-H$12*H$19*(H$11/2-H$16),IF(K47<=H$23,0.8*H$18*K47*H$10*(H$11/2-0.8*K47/2)+H$14*(O47-0.8*H$18)*(H$11/2-H$15)-H$12*M47*(H$11/2-H$16),IF(K47<=H$16,0.8*H$18*K47*H$10*(H$11/2-0.8*K47/2)+H$14*(O47-0.8*H$18)*(H$11/2-H$15)-H$12*M47*(H$11/2-H$16),IF(K47<=H$11,0.8*H$18*K47*H$10*(H$11/2-0.8*K47/2)+H$14*(O47-0.8*H$18)*(H$11/2-H$15)+H$12*M47*(H$11/2-H$16),H$18*(1-(1-0.8)*H$11/K47)*H$11*H$10*(H$11/2 -(1- (1-0.8)*H$11/K47)*H$11/2) + H$14*O47*(H$11/2-H$15)+H$12*M47*(H$11/2-H$16)))))) -> 1161.3604 | R47: ='Moment resistant'!$H$14 -> 600.51 | S47: =IF(OR(AND(P47>=R47,P46<=R47),AND(P47<=R47,P46>=R47)),Q47+(Q46-Q47)*(P47-R47)/(P47-P46),"") | T47: =IF(OR(AND(P47>=R47,P46<=R47),AND(P47<=R47,P46>=R47)),K47+(K46-K47)*(P47-R47)/(P47-P46),"")
B48: 0 | I48: 1.02 | J48: =IF(K48<=0,"Domaine 1",IF(AND(K48>0,K48<=$H$16*$H$21/($H$21+$H$20)),"Domaine 2",IF(K48<=$H$23,"Domaine 3",IF(K48<=$H$16,"Domaine 4",IF(K48<=$H$11,"Domaine 4a","Domaine 5"))))) -> Domaine 5 | K48: =I48*$H$16 -> 1.6065 | L48: =IF(K48<=0,"N/A",IF(K48<=$H$16*$H$21/($H$21+$H$20),"N/A",IF(K48<=$H$23,$H$21 * ($H$16 - K48) /K48,IF(K48<=$H$16,$H$21 * ($H$16 - K48) /K48,IF(K48<=$H$11,$H$21 * (K48-$H$16) /K48,$H$22 * (K48 - $H$16) / (K48 -$H$11 / 2)))))) -> 7.8115313e-05 | M48: =IF(L48="N/A","N/A",IF(L48>=0,MIN(L48*$H$17,$H$19),MAX(L48*$H$17,-$H$19))) -> 15.623063 | N48: =IF(K48<=0,$H$20*($H$15-K48)/($H$16-K48),IF(K48<=$H$16*$H$21/($H$21+$H$20),$H$20*(K48-$H$15)/($H$16-K48),IF(K48<=$H$23,$H$20*(K48-$H$15)/K48,IF(K48<=$H$16,$H$20*(K48-$H$15)/K48,IF(K48<=$H$11,$H$20*(K48-$H$15)/K48,$H$22 * (K48 - $H$15) / (K48 - $H$11 / 2)))))) -> 0.0039218847 | O48: =IF(N48>=0,MIN(N48*$H$17,$H$19),MAX(N48*$H$17,-$H$19)) -> 400 | P48: =1000*IF(K48<0,-H$14*(O48-0.8*H$18)-H$12*H$19,IF(K48<=H$16*H$21/(H$21+H$20),0.8*H$18*K48*H$10+H$14*(O48-0.8*H$18)-H$12*H$19,IF(K48<=H$23,0.8*H$18*K48*H$10+H$14*(O48-0.8*H$18)-H$12*M48,IF(K48<=H$16,0.8*H$18*K48*H$10+H$14*(O48-0.8*H$18)-H$12*M48,IF(K48<=H$11,0.8*H$18*K48*H$10+H$14*(O48-0.8*H$18)+H$12*M48,H$18*(1-(1-0.8)*H$11/K48)*H$11*H$10+H$14*(O48-0.8*H$18)+H$12*M48))))) -> 5699.7836 | Q48: =1000*IF(K48<0,-H$14*(O48-0.8*H$18)*(H$11/2-H$15)-H$12*H$19*(H$11/2-H$16),IF(K48<=H$16*H$21/(H$21+H$20),0.8*H$18*K48*H$10*(H$11/2-0.8*K48/2)+H$14*(O48-0.8*H$18)*(H$11/2-H$15)-H$12*H$19*(H$11/2-H$16),IF(K48<=H$23,0.8*H$18*K48*H$10*(H$11/2-0.8*K48/2)+H$14*(O48-0.8*H$18)*(H$11/2-H$15)-H$12*M48*(H$11/2-H$16),IF(K48<=H$16,0.8*H$18*K48*H$10*(H$11/2-0.8*K48/2)+H$14*(O48-0.8*H$18)*(H$11/2-H$15)-H$12*M48*(H$11/2-H$16),IF(K48<=H$11,0.8*H$18*K48*H$10*(H$11/2-0.8*K48/2)+H$14*(O48-0.8*H$18)*(H$11/2-H$15)+H$12*M48*(H$11/2-H$16),H$18*(1-(1-0.8)*H$11/K48)*H$11*H$10*(H$11/2 -(1- (1-0.8)*H$11/K48)*H$11/2) + H$14*O48*(H$11/2-H$15)+H$12*M48*(H$11/2-H$16)))))) -> 1120.3327 | R48: ='Moment resistant'!$H$14 -> 600.51 | S48: =IF(OR(AND(P48>=R48,P47<=R48),AND(P48<=R48,P47>=R48)),Q48+(Q47-Q48)*(P48-R48)/(P48-P47),"") | T48: =IF(OR(AND(P48>=R48,P47<=R48),AND(P48<=R48,P47>=R48)),K48+(K47-K48)*(P48-R48)/(P48-P47),"")
B49: 1 | C49: HA8 | D49: 8 | E49: =0.01*PI()*D49*D49/4 -> 0.50265482 | I49: 1.04 | J49: =IF(K49<=0,"Domaine 1",IF(AND(K49>0,K49<=$H$16*$H$21/($H$21+$H$20)),"Domaine 2",IF(K49<=$H$23,"Domaine 3",IF(K49<=$H$16,"Domaine 4",IF(K49<=$H$11,"Domaine 4a","Domaine 5"))))) -> Domaine 5 | K49: =I49*$H$16 -> 1.638 | L49: =IF(K49<=0,"N/A",IF(K49<=$H$16*$H$21/($H$21+$H$20),"N/A",IF(K49<=$H$23,$H$21 * ($H$16 - K49) /K49,IF(K49<=$H$16,$H$21 * ($H$16 - K49) /K49,IF(K49<=$H$11,$H$21 * (K49-$H$16) /K49,$H$22 * (K49 - $H$16) / (K49 -$H$11 / 2)))))) -> 0.000150358 | M49: =IF(L49="N/A","N/A",IF(L49>=0,MIN(L49*$H$17,$H$19),MAX(L49*$H$17,-$H$19))) -> 30.071599 | N49: =IF(K49<=0,$H$20*($H$15-K49)/($H$16-K49),IF(K49<=$H$16*$H$21/($H$21+$H$20),$H$20*(K49-$H$15)/($H$16-K49),IF(K49<=$H$23,$H$20*(K49-$H$15)/K49,IF(K49<=$H$16,$H$20*(K49-$H$15)/K49,IF(K49<=$H$11,$H$20*(K49-$H$15)/K49,$H$22 * (K49 - $H$15) / (K49 - $H$11 / 2)))))) -> 0.003849642 | O49: =IF(N49>=0,MIN(N49*$H$17,$H$19),MAX(N49*$H$17,-$H$19)) -> 400 | P49: =1000*IF(K49<0,-H$14*(O49-0.8*H$18)-H$12*H$19,IF(K49<=H$16*H$21/(H$21+H$20),0.8*H$18*K49*H$10+H$14*(O49-0.8*H$18)-H$12*H$19,IF(K49<=H$23,0.8*H$18*K49*H$10+H$14*(O49-0.8*H$18)-H$12*M49,IF(K49<=H$16,0.8*H$18*K49*H$10+H$14*(O49-0.8*H$18)-H$12*M49,IF(K49<=H$11,0.8*H$18*K49*H$10+H$14*(O49-0.8*H$18)+H$12*M49,H$18*(1-(1-0.8)*H$11/K49)*H$11*H$10+H$14*(O49-0.8*H$18)+H$12*M49))))) -> 5738.3968 | Q49: =1000*IF(K49<0,-H$14*(O49-0.8*H$18)*(H$11/2-H$15)-H$12*H$19*(H$11/2-H$16),IF(K49<=H$16*H$21/(H$21+H$20),0.8*H$18*K49*H$10*(H$11/2-0.8*K49/2)+H$14*(O49-0.8*H$18)*(H$11/2-H$15)-H$12*H$19*(H$11/2-H$16),IF(K49<=H$23,0.8*H$18*K49*H$10*(H$11/2-0.8*K49/2)+H$14*(O49-0.8*H$18)*(H$11/2-H$15)-H$12*M49*(H$11/2-H$16),IF(K49<=H$16,0.8*H$18*K49*H$10*(H$11/2-0.8*K49/2)+H$14*(O49-0.8*H$18)*(H$11/2-H$15)-H$12*M49*(H$11/2-H$16),IF(K49<=H$11,0.8*H$18*K49*H$10*(H$11/2-0.8*K49/2)+H$14*(O49-0.8*H$18)*(H$11/2-H$15)+H$12*M49*(H$11/2-H$16),H$18*(1-(1-0.8)*H$11/K49)*H$11*H$10*(H$11/2 -(1- (1-0.8)*H$11/K49)*H$11/2) + H$14*O49*(H$11/2-H$15)+H$12*M49*(H$11/2-H$16)))))) -> 1097.8297 | R49: ='Moment resistant'!$H$14 -> 600.51 | S49: =IF(OR(AND(P49>=R49,P48<=R49),AND(P49<=R49,P48>=R49)),Q49+(Q48-Q49)*(P49-R49)/(P49-P48),"") | T49: =IF(OR(AND(P49>=R49,P48<=R49),AND(P49<=R49,P48>=R49)),K49+(K48-K49)*(P49-R49)/(P49-P48),"")
B50: 2 | C50: HA10 | D50: 10 | E50: =0.01*PI()*D50*D50/4 -> 0.78539816 | I50: 1.06 | J50: =IF(K50<=0,"Domaine 1",IF(AND(K50>0,K50<=$H$16*$H$21/($H$21+$H$20)),"Domaine 2",IF(K50<=$H$23,"Domaine 3",IF(K50<=$H$16,"Domaine 4",IF(K50<=$H$11,"Domaine 4a","Domaine 5"))))) -> Domaine 5 | K50: =I50*$H$16 -> 1.6695 | L50: =IF(K50<=0,"N/A",IF(K50<=$H$16*$H$21/($H$21+$H$20),"N/A",IF(K50<=$H$23,$H$21 * ($H$16 - K50) /K50,IF(K50<=$H$16,$H$21 * ($H$16 - K50) /K50,IF(K50<=$H$11,$H$21 * (K50-$H$16) /K50,$H$22 * (K50 - $H$16) / (K50 -$H$11 / 2)))))) -> 0.0002173663 | M50: =IF(L50="N/A","N/A",IF(L50>=0,MIN(L50*$H$17,$H$19),MAX(L50*$H$17,-$H$19))) -> 43.47326 | N50: =IF(K50<=0,$H$20*($H$15-K50)/($H$16-K50),IF(K50<=$H$16*$H$21/($H$21+$H$20),$H$20*(K50-$H$15)/($H$16-K50),IF(K50<=$H$23,$H$20*(K50-$H$15)/K50,IF(K50<=$H$16,$H$20*(K50-$H$15)/K50,IF(K50<=$H$11,$H$20*(K50-$H$15)/K50,$H$22 * (K50 - $H$15) / (K50 - $H$11 / 2)))))) -> 0.0037826337 | O50: =IF(N50>=0,MIN(N50*$H$17,$H$19),MAX(N50*$H$17,-$H$19)) -> 400 | P50: =1000*IF(K50<0,-H$14*(O50-0.8*H$18)-H$12*H$19,IF(K50<=H$16*H$21/(H$21+H$20),0.8*H$18*K50*H$10+H$14*(O50-0.8*H$18)-H$12*H$19,IF(K50<=H$23,0.8*H$18*K50*H$10+H$14*(O50-0.8*H$18)-H$12*M50,IF(K50<=H$16,0.8*H$18*K50*H$10+H$14*(O50-0.8*H$18)-H$12*M50,IF(K50<=H$11,0.8*H$18*K50*H$10+H$14*(O50-0.8*H$18)+H$12*M50,H$18*(1-(1-0.8)*H$11/K50)*H$11*H$10+H$14*(O50-0.8*H$18)+H$12*M50))))) -> 5775.0989 | Q50: =1000*IF(K50<0,-H$14*(O50-0.8*H$18)*(H$11/2-H$15)-H$12*H$19*(H$11/2-H$16),IF(K50<=H$16*H$21/(H$21+H$20),0.8*H$18*K50*H$10*(H$11/2-0.8*K50/2)+H$14*(O50-0.8*H$18)*(H$11/2-H$15)-H$12*H$19*(H$11/2-H$16),IF(K50<=H$23,0.8*H$18*K50*H$10*(H$11/2-0.8*K50/2)+H$14*(O50-0.8*H$18)*(H$11/2-H$15)-H$12*M50*(H$11/2-H$16),IF(K50<=H$16,0.8*H$18*K50*H$10*(H$11/2-0.8*K50/2)+H$14*(O50-0.8*H$18)*(H$11/2-H$15)-H$12*M50*(H$11/2-H$16),IF(K50<=H$11,0.8*H$18*K50*H$10*(H$11/2-0.8*K50/2)+H$14*(O50-0.8*H$18)*(H$11/2-H$15)+H$12*M50*(H$11/2-H$16),H$18*(1-(1-0.8)*H$11/K50)*H$11*H$10*(H$11/2 -(1- (1-0.8)*H$11/K50)*H$11/2) + H$14*O50*(H$11/2-H$15)+H$12*M50*(H$11/2-H$16)))))) -> 1076.3799 | R50: ='Moment resistant'!$H$14 -> 600.51 | S50: =IF(OR(AND(P50>=R50,P49<=R50),AND(P50<=R50,P49>=R50)),Q50+(Q49-Q50)*(P50-R50)/(P50-P49),"") | T50: =IF(OR(AND(P50>=R50,P49<=R50),AND(P50<=R50,P49>=R50)),K50+(K49-K50)*(P50-R50)/(P50-P49),"")
B51: 3 | C51: HA12 | D51: 12 | E51: =0.01*PI()*D51*D51/4 -> 1.1309734 | I51: 1.08 | J51: =IF(K51<=0,"Domaine 1",IF(AND(K51>0,K51<=$H$16*$H$21/($H$21+$H$20)),"Domaine 2",IF(K51<=$H$23,"Domaine 3",IF(K51<=$H$16,"Domaine 4",IF(K51<=$H$11,"Domaine 4a","Domaine 5"))))) -> Domaine 5 | K51: =I51*$H$16 -> 1.701 | L51: =IF(K51<=0,"N/A",IF(K51<=$H$16*$H$21/($H$21+$H$20),"N/A",IF(K51<=$H$23,$H$21 * ($H$16 - K51) /K51,IF(K51<=$H$16,$H$21 * ($H$16 - K51) /K51,IF(K51<=$H$11,$H$21 * (K51-$H$16) /K51,$H$22 * (K51 - $H$16) / (K51 -$H$11 / 2)))))) -> 0.00027968923 | M51: =IF(L51="N/A","N/A",IF(L51>=0,MIN(L51*$H$17,$H$19),MAX(L51*$H$17,-$H$19))) -> 55.937847 | N51: =IF(K51<=0,$H$20*($H$15-K51)/($H$16-K51),IF(K51<=$H$16*$H$21/($H$21+$H$20),$H$20*(K51-$H$15)/($H$16-K51),IF(K51<=$H$23,$H$20*(K51-$H$15)/K51,IF(K51<=$H$16,$H$20*(K51-$H$15)/K51,IF(K51<=$H$11,$H$20*(K51-$H$15)/K51,$H$22 * (K51 - $H$15) / (K51 - $H$11 / 2)))))) -> 0.0037203108 | O51: =IF(N51>=0,MIN(N51*$H$17,$H$19),MAX(N51*$H$17,-$H$19)) -> 400 | P51: =1000*IF(K51<0,-H$14*(O51-0.8*H$18)-H$12*H$19,IF(K51<=H$16*H$21/(H$21+H$20),0.8*H$18*K51*H$10+H$14*(O51-0.8*H$18)-H$12*H$19,IF(K51<=H$23,0.8*H$18*K51*H$10+H$14*(O51-0.8*H$18)-H$12*M51,IF(K51<=H$16,0.8*H$18*K51*H$10+H$14*(O51-0.8*H$18)-H$12*M51,IF(K51<=H$11,0.8*H$18*K51*H$10+H$14*(O51-0.8*H$18)+H$12*M51,H$18*(1-(1-0.8)*H$11/K51)*H$11*H$10+H$14*(O51-0.8*H$18)+H$12*M51))))) -> 5810.0429 | Q51: =1000*IF(K51<0,-H$14*(O51-0.8*H$18)*(H$11/2-H$15)-H$12*H$19*(H$11/2-H$16),IF(K51<=H$16*H$21/(H$21+H$20),0.8*H$18*K51*H$10*(H$11/2-0.8*K51/2)+H$14*(O51-0.8*H$18)*(H$11/2-H$15)-H$12*H$19*(H$11/2-H$16),IF(K51<=H$23,0.8*H$18*K51*H$10*(H$11/2-0.8*K51/2)+H$14*(O51-0.8*H$18)*(H$11/2-H$15)-H$12*M51*(H$11/2-H$16),IF(K51<=H$16,0.8*H$18*K51*H$10*(H$11/2-0.8*K51/2)+H$14*(O51-0.8*H$18)*(H$11/2-H$15)-H$12*M51*(H$11/2-H$16),IF(K51<=H$11,0.8*H$18*K51*H$10*(H$11/2-0.8*K51/2)+H$14*(O51-0.8*H$18)*(H$11/2-H$15)+H$12*M51*(H$11/2-H$16),H$18*(1-(1-0.8)*H$11/K51)*H$11*H$10*(H$11/2 -(1- (1-0.8)*H$11/K51)*H$11/2) + H$14*O51*(H$11/2-H$15)+H$12*M51*(H$11/2-H$16)))))) -> 1055.8966 | R51: ='Moment resistant'!$H$14 -> 600.51 | S51: =IF(OR(AND(P51>=R51,P50<=R51),AND(P51<=R51,P50>=R51)),Q51+(Q50-Q51)*(P51-R51)/(P51-P50),"") | T51: =IF(OR(AND(P51>=R51,P50<=R51),AND(P51<=R51,P50>=R51)),K51+(K50-K51)*(P51-R51)/(P51-P50),"")
B52: 4 | C52: HA14 | D52: 14 | E52: =0.01*PI()*D52*D52/4 -> 1.5393804 | I52: 1.09 | J52: =IF(K52<=0,"Domaine 1",IF(AND(K52>0,K52<=$H$16*$H$21/($H$21+$H$20)),"Domaine 2",IF(K52<=$H$23,"Domaine 3",IF(K52<=$H$16,"Domaine 4",IF(K52<=$H$11,"Domaine 4a","Domaine 5"))))) -> Domaine 5 | K52: =I52*$H$16 -> 1.71675 | L52: =IF(K52<=0,"N/A",IF(K52<=$H$16*$H$21/($H$21+$H$20),"N/A",IF(K52<=$H$23,$H$21 * ($H$16 - K52) /K52,IF(K52<=$H$16,$H$21 * ($H$16 - K52) /K52,IF(K52<=$H$11,$H$21 * (K52-$H$16) /K52,$H$22 * (K52 - $H$16) / (K52 -$H$11 / 2)))))) -> 0.00030924461 | M52: =IF(L52="N/A","N/A",IF(L52>=0,MIN(L52*$H$17,$H$19),MAX(L52*$H$17,-$H$19))) -> 61.848923 | N52: =IF(K52<=0,$H$20*($H$15-K52)/($H$16-K52),IF(K52<=$H$16*$H$21/($H$21+$H$20),$H$20*(K52-$H$15)/($H$16-K52),IF(K52<=$H$23,$H$20*(K52-$H$15)/K52,IF(K52<=$H$16,$H$20*(K52-$H$15)/K52,IF(K52<=$H$11,$H$20*(K52-$H$15)/K52,$H$22 * (K52 - $H$15) / (K52 - $H$11 / 2)))))) -> 0.0036907554 | O52: =IF(N52>=0,MIN(N52*$H$17,$H$19),MAX(N52*$H$17,-$H$19)) -> 400 | P52: =1000*IF(K52<0,-H$14*(O52-0.8*H$18)-H$12*H$19,IF(K52<=H$16*H$21/(H$21+H$20),0.8*H$18*K52*H$10+H$14*(O52-0.8*H$18)-H$12*H$19,IF(K52<=H$23,0.8*H$18*K52*H$10+H$14*(O52-0.8*H$18)-H$12*M52,IF(K52<=H$16,0.8*H$18*K52*H$10+H$14*(O52-0.8*H$18)-H$12*M52,IF(K52<=H$11,0.8*H$18*K52*H$10+H$14*(O52-0.8*H$18)+H$12*M52,H$18*(1-(1-0.8)*H$11/K52)*H$11*H$10+H$14*(O52-0.8*H$18)+H$12*M52))))) -> 5826.8985 | Q52: =1000*IF(K52<0,-H$14*(O52-0.8*H$18)*(H$11/2-H$15)-H$12*H$19*(H$11/2-H$16),IF(K52<=H$16*H$21/(H$21+H$20),0.8*H$18*K52*H$10*(H$11/2-0.8*K52/2)+H$14*(O52-0.8*H$18)*(H$11/2-H$15)-H$12*H$19*(H$11/2-H$16),IF(K52<=H$23,0.8*H$18*K52*H$10*(H$11/2-0.8*K52/2)+H$14*(O52-0.8*H$18)*(H$11/2-H$15)-H$12*M52*(H$11/2-H$16),IF(K52<=H$16,0.8*H$18*K52*H$10*(H$11/2-0.8*K52/2)+H$14*(O52-0.8*H$18)*(H$11/2-H$15)-H$12*M52*(H$11/2-H$16),IF(K52<=H$11,0.8*H$18*K52*H$10*(H$11/2-0.8*K52/2)+H$14*(O52-0.8*H$18)*(H$11/2-H$15)+H$12*M52*(H$11/2-H$16),H$18*(1-(1-0.8)*H$11/K52)*H$11*H$10*(H$11/2 -(1- (1-0.8)*H$11/K52)*H$11/2) + H$14*O52*(H$11/2-H$15)+H$12*M52*(H$11/2-H$16)))))) -> 1045.9933 | R52: ='Moment resistant'!$H$14 -> 600.51 | S52: =IF(OR(AND(P52>=R52,P51<=R52),AND(P52<=R52,P51>=R52)),Q52+(Q51-Q52)*(P52-R52)/(P52-P51),"") | T52: =IF(OR(AND(P52>=R52,P51<=R52),AND(P52<=R52,P51>=R52)),K52+(K51-K52)*(P52-R52)/(P52-P51),"")
B53: 5 | C53: HA16 | D53: 16 | E53: =0.01*PI()*D53*D53/4 -> 2.0106193 | I53: 1.095 | J53: =IF(K53<=0,"Domaine 1",IF(AND(K53>0,K53<=$H$16*$H$21/($H$21+$H$20)),"Domaine 2",IF(K53<=$H$23,"Domaine 3",IF(K53<=$H$16,"Domaine 4",IF(K53<=$H$11,"Domaine 4a","Domaine 5"))))) -> Domaine 5 | K53: =I53*$H$16 -> 1.724625 | L53: =IF(K53<=0,"N/A",IF(K53<=$H$16*$H$21/($H$21+$H$20),"N/A",IF(K53<=$H$23,$H$21 * ($H$16 - K53) /K53,IF(K53<=$H$16,$H$21 * ($H$16 - K53) /K53,IF(K53<=$H$11,$H$21 * (K53-$H$16) /K53,$H$22 * (K53 - $H$16) / (K53 -$H$11 / 2)))))) -> 0.00032364472 | M53: =IF(L53="N/A","N/A",IF(L53>=0,MIN(L53*$H$17,$H$19),MAX(L53*$H$17,-$H$19))) -> 64.728944 | N53: =IF(K53<=0,$H$20*($H$15-K53)/($H$16-K53),IF(K53<=$H$16*$H$21/($H$21+$H$20),$H$20*(K53-$H$15)/($H$16-K53),IF(K53<=$H$23,$H$20*(K53-$H$15)/K53,IF(K53<=$H$16,$H$20*(K53-$H$15)/K53,IF(K53<=$H$11,$H$20*(K53-$H$15)/K53,$H$22 * (K53 - $H$15) / (K53 - $H$11 / 2)))))) -> 0.0036763553 | O53: =IF(N53>=0,MIN(N53*$H$17,$H$19),MAX(N53*$H$17,-$H$19)) -> 400 | P53: =1000*IF(K53<0,-H$14*(O53-0.8*H$18)-H$12*H$19,IF(K53<=H$16*H$21/(H$21+H$20),0.8*H$18*K53*H$10+H$14*(O53-0.8*H$18)-H$12*H$19,IF(K53<=H$23,0.8*H$18*K53*H$10+H$14*(O53-0.8*H$18)-H$12*M53,IF(K53<=H$16,0.8*H$18*K53*H$10+H$14*(O53-0.8*H$18)-H$12*M53,IF(K53<=H$11,0.8*H$18*K53*H$10+H$14*(O53-0.8*H$18)+H$12*M53,H$18*(1-(1-0.8)*H$11/K53)*H$11*H$10+H$14*(O53-0.8*H$18)+H$12*M53))))) -> 5835.1791 | Q53: =1000*IF(K53<0,-H$14*(O53-0.8*H$18)*(H$11/2-H$15)-H$12*H$19*(H$11/2-H$16),IF(K53<=H$16*H$21/(H$21+H$20),0.8*H$18*K53*H$10*(H$11/2-0.8*K53/2)+H$14*(O53-0.8*H$18)*(H$11/2-H$15)-H$12*H$19*(H$11/2-H$16),IF(K53<=H$23,0.8*H$18*K53*H$10*(H$11/2-0.8*K53/2)+H$14*(O53-0.8*H$18)*(H$11/2-H$15)-H$12*M53*(H$11/2-H$16),IF(K53<=H$16,0.8*H$18*K53*H$10*(H$11/2-0.8*K53/2)+H$14*(O53-0.8*H$18)*(H$11/2-H$15)-H$12*M53*(H$11/2-H$16),IF(K53<=H$11,0.8*H$18*K53*H$10*(H$11/2-0.8*K53/2)+H$14*(O53-0.8*H$18)*(H$11/2-H$15)+H$12*M53*(H$11/2-H$16),H$18*(1-(1-0.8)*H$11/K53)*H$11*H$10*(H$11/2 -(1- (1-0.8)*H$11/K53)*H$11/2) + H$14*O53*(H$11/2-H$15)+H$12*M53*(H$11/2-H$16)))))) -> 1041.1223 | R53: ='Moment resistant'!$H$14 -> 600.51 | S53: =IF(OR(AND(P53>=R53,P52<=R53),AND(P53<=R53,P52>=R53)),Q53+(Q52-Q53)*(P53-R53)/(P53-P52),"") | T53: =IF(OR(AND(P53>=R53,P52<=R53),AND(P53<=R53,P52>=R53)),K53+(K52-K53)*(P53-R53)/(P53-P52),"")
B54: 6 | C54: HA20 | D54: 20 | E54: =0.01*PI()*D54*D54/4 -> 3.1415927 | I54: 1 | J54: =IF(K54<=0,"Domaine 1",IF(AND(K54>0,K54<=$H$16*$H$21/($H$21+$H$20)),"Domaine 2",IF(K54<=$H$23,"Domaine 3",IF(K54<=$H$16,"Domaine 4",IF(K54<=$H$11,"Domaine 4a","Domaine 5"))))) -> Domaine 4 | K54: =I54*$H$16 -> 1.575 | L54: =IF(K54<=0,"N/A",IF(K54<=$H$16*$H$21/($H$21+$H$20),"N/A",IF(K54<=$H$23,$H$21 * ($H$16 - K54) /K54,IF(K54<=$H$16,$H$21 * ($H$16 - K54) /K54,IF(K54<=$H$11,$H$21 * (K54-$H$16) /K54,$H$22 * (K54 - $H$16) / (K54 -$H$11 / 2)))))) -> 0 | M54: =IF(L54="N/A","N/A",IF(L54>=0,MIN(L54*$H$17,$H$19),MAX(L54*$H$17,-$H$19))) -> 0 | N54: =IF(K54<=0,$H$20*($H$15-K54)/($H$16-K54),IF(K54<=$H$16*$H$21/($H$21+$H$20),$H$20*(K54-$H$15)/($H$16-K54),IF(K54<=$H$23,$H$20*(K54-$H$15)/K54,IF(K54<=$H$16,$H$20*(K54-$H$15)/K54,IF(K54<=$H$11,$H$20*(K54-$H$15)/K54,$H$22 * (K54 - $H$15) / (K54 - $H$11 / 2)))))) -> 0.0098412698 | O54: =IF(N54>=0,MIN(N54*$H$17,$H$19),MAX(N54*$H$17,-$H$19)) -> 400 | P54: =1000*IF(K54<0,-H$14*(O54-0.8*H$18)-H$12*H$19,IF(K54<=H$16*H$21/(H$21+H$20),0.8*H$18*K54*H$10+H$14*(O54-0.8*H$18)-H$12*H$19,IF(K54<=H$23,0.8*H$18*K54*H$10+H$14*(O54-0.8*H$18)-H$12*M54,IF(K54<=H$16,0.8*H$18*K54*H$10+H$14*(O54-0.8*H$18)-H$12*M54,IF(K54<=H$11,0.8*H$18*K54*H$10+H$14*(O54-0.8*H$18)+H$12*M54,H$18*(1-(1-0.8)*H$11/K54)*H$11*H$10+H$14*(O54-0.8*H$18)+H$12*M54))))) -> 5596.9167 | Q54: =1000*IF(K54<0,-H$14*(O54-0.8*H$18)*(H$11/2-H$15)-H$12*H$19*(H$11/2-H$16),IF(K54<=H$16*H$21/(H$21+H$20),0.8*H$18*K54*H$10*(H$11/2-0.8*K54/2)+H$14*(O54-0.8*H$18)*(H$11/2-H$15)-H$12*H$19*(H$11/2-H$16),IF(K54<=H$23,0.8*H$18*K54*H$10*(H$11/2-0.8*K54/2)+H$14*(O54-0.8*H$18)*(H$11/2-H$15)-H$12*M54*(H$11/2-H$16),IF(K54<=H$16,0.8*H$18*K54*H$10*(H$11/2-0.8*K54/2)+H$14*(O54-0.8*H$18)*(H$11/2-H$15)-H$12*M54*(H$11/2-H$16),IF(K54<=H$11,0.8*H$18*K54*H$10*(H$11/2-0.8*K54/2)+H$14*(O54-0.8*H$18)*(H$11/2-H$15)+H$12*M54*(H$11/2-H$16),H$18*(1-(1-0.8)*H$11/K54)*H$11*H$10*(H$11/2 -(1- (1-0.8)*H$11/K54)*H$11/2) + H$14*O54*(H$11/2-H$15)+H$12*M54*(H$11/2-H$16)))))) -> 1161.3604 | R54: ='Moment resistant'!$H$14 -> 600.51 | S54: =IF(OR(AND(P54>=R54,P53<=R54),AND(P54<=R54,P53>=R54)),Q54+(Q53-Q54)*(P54-R54)/(P54-P53),"") | T54: =IF(OR(AND(P54>=R54,P53<=R54),AND(P54<=R54,P53>=R54)),K54+(K53-K54)*(P54-R54)/(P54-P53),"")
